Temperature (°C),Humidity (%),pH,Timestamp,
24.31,70,4.97,4/11/2025, 6:30:44 PM
24.44,70,5.64,4/11/2025, 6:07:37 PM
24.44,70,5.27,4/11/2025, 5:58:34 PM
24.69,70,4.37,4/11/2025, 4:43:18 PM
24.75,70,5.64,4/11/2025, 4:38:17 PM
24.87,70,5.54,4/11/2025, 4:28:15 PM
24.94,70,5.5,4/11/2025, 4:18:14 PM
25.12,70,5.6,4/11/2025, 4:08:12 PM
25.19,70,5.54,4/11/2025, 3:58:11 PM
25.31,70,5.5,4/11/2025, 3:48:10 PM
25.44,70,5.5,4/11/2025, 3:38:09 PM
25.5,70,5.6,4/11/2025, 3:28:07 PM
25.5,70,5.57,4/11/2025, 3:18:06 PM
25.5,70,5.54,4/11/2025, 3:08:05 PM
25.5,70,5.5,4/11/2025, 2:58:04 PM
25.56,70,5.64,4/11/2025, 2:48:02 PM
25.56,70,5.6,4/11/2025, 2:38:01 PM
25.62,70,5.57,4/11/2025, 2:27:59 PM
25.69,70,5.44,4/11/2025, 2:16:57 PM
25.62,70,5.54,4/11/2025, 2:08:56 PM
25.56,70,5.37,4/11/2025, 1:57:54 PM
25.75,70,5.24,4/11/2025, 1:47:53 PM
26,70,5.5,4/11/2025, 1:37:52 PM
26.56,70,5.74,4/11/2025, 1:27:49 PM
27,70,5.7,4/11/2025, 1:18:49 PM
26.94,70,5.57,4/11/2025, 12:52:41 PM
26.81,70,5.5,4/11/2025, 12:48:41 PM
26.81,70,5.6,4/11/2025, 12:27:39 PM
27.19,70,5.67,4/11/2025, 12:08:38 PM
28.25,70,5.8,4/11/2025, 11:58:35 AM
29.37,70,5.6,4/11/2025, 11:47:32 AM
29.44,70,5.44,4/11/2025, 11:19:24 AM
29.37,70,5.3,4/11/2025, 11:18:24 AM
29.12,70,5.24,4/11/2025, 11:08:22 AM
28.56,70,5.1,4/11/2025, 10:56:21 AM
28,70,4.97,4/11/2025, 10:36:15 AM
27.69,70,4.94,4/11/2025, 10:13:10 AM
27.62,70,5.04,4/11/2025, 10:08:09 AM
27.25,70,5,4/11/2025, 9:57:08 AM
26.87,70,5.04,4/11/2025, 9:48:06 AM
26.37,70,5.27,4/11/2025, 9:34:05 AM
26.12,70,5.47,4/11/2025, 9:28:06 AM
25.81,70,5.44,4/11/2025, 9:18:03 AM
25.19,70,5.67,4/11/2025, 9:01:00 AM
25.12,70,5.54,4/11/2025, 8:58:00 AM
24.5,70,5.47,4/11/2025, 8:38:59 AM
24.44,70,5.47,4/11/2025, 8:37:58 AM
24.12,70,6.14,4/11/2025, 8:27:57 AM
23.94,70,6.04,4/11/2025, 8:17:56 AM
23.69,70,6.3,4/11/2025, 8:07:55 AM
23.56,70,6.2,4/11/2025, 7:57:53 AM
23.19,70,6.44,4/11/2025, 7:35:51 AM
22.87,70,6.44,4/11/2025, 7:22:48 AM
22.81,70,6.47,4/11/2025, 7:18:47 AM
22.56,70,6.57,4/11/2025, 7:08:47 AM
22.06,70,6.6,4/11/2025, 6:19:39 AM
22.06,70,6.67,4/11/2025, 6:18:38 AM
22.06,70,6.67,4/11/2025, 6:08:37 AM
22.06,70,6.27,4/11/2025, 5:58:36 AM
22.06,70,5.27,4/11/2025, 5:47:33 AM
22.06,70,3.37,4/11/2025, 5:38:32 AM
22.06,70,6.44,4/11/2025, 5:28:30 AM
22.13,70,6.5,4/11/2025, 5:18:29 AM
22.25,70,6.54,4/11/2025, 5:07:28 AM
22.62,70,6.44,4/11/2025, 3:35:10 AM
22.62,70,6.34,4/11/2025, 3:23:07 AM
23.06,70,6.3,4/11/2025, 2:02:50 AM
23.06,70,6.44,4/11/2025, 1:58:49 AM
23.06,70,6.4,4/11/2025, 1:48:47 AM
23.12,70,5.94,4/11/2025, 1:38:46 AM
23.19,70,6.54,4/11/2025, 1:28:45 AM
23.19,70,6.54,4/11/2025, 1:18:43 AM
23.19,70,6.47,4/11/2025, 1:08:42 AM
23.25,70,6.4,4/11/2025, 12:58:41 AM
23.25,70,6.3,4/11/2025, 12:48:40 AM
23.25,70,6.3,4/11/2025, 12:38:39 AM
23.25,70,6.24,4/11/2025, 12:28:38 AM
23.25,70,6.2,4/11/2025, 12:18:37 AM
23.31,70,6.4,4/11/2025, 12:08:36 AM
23.31,70,6.27,4/10/2025, 11:58:34 PM
23.38,70,6.3,4/10/2025, 11:48:33 PM
23.44,70,6.3,4/10/2025, 11:38:32 PM
23.56,70,6.3,4/10/2025, 11:28:31 PM
23.56,70,6.34,4/10/2025, 11:18:30 PM
23.56,70,6.34,4/10/2025, 11:08:28 PM
23.62,70,6.3,4/10/2025, 10:58:27 PM
23.69,70,6.3,4/10/2025, 10:48:26 PM
23.81,70,6.34,4/10/2025, 10:38:26 PM
23.94,70,6.34,4/10/2025, 10:28:23 PM
23.94,70,6.44,4/10/2025, 10:16:21 PM
24,70,6.37,4/10/2025, 10:08:20 PM
24.12,70,6.3,4/10/2025, 9:58:19 PM
24.12,70,6.17,4/10/2025, 9:48:18 PM
24.25,70,6.34,4/10/2025, 9:38:17 PM
24.63,70,6.04,4/10/2025, 8:04:04 PM
25,70,6.1,4/10/2025, 6:40:49 PM
25,70,6.04,4/10/2025, 6:38:49 PM
25,70,6.07,4/10/2025, 6:28:47 PM
25,70,5.84,4/10/2025, 6:18:45 PM
25.12,70,6.07,4/10/2025, 6:08:44 PM
25.12,70,6.27,4/10/2025, 5:58:44 PM
25.19,70,6.14,4/10/2025, 5:48:43 PM
25.31,70,6.27,4/10/2025, 5:38:42 PM
25.44,70,6.2,4/10/2025, 5:28:41 PM
25.5,70,5.5,4/10/2025, 5:18:40 PM
25.62,70,5.47,4/10/2025, 5:08:38 PM
25.62,70,6.17,4/10/2025, 4:58:36 PM
25.75,70,6.07,4/10/2025, 4:48:34 PM
25.94,70,6.24,4/10/2025, 4:38:32 PM
26.06,70,6.04,4/10/2025, 4:28:31 PM
26.19,70,6.17,4/10/2025, 4:18:30 PM
26.31,70,6,4/10/2025, 4:08:28 PM
26.25,70,6,4/10/2025, 3:58:27 PM
26.25,70,6.1,4/10/2025, 3:48:25 PM
26.31,70,6.17,4/10/2025, 3:38:24 PM
26.31,70,6.17,4/10/2025, 3:28:23 PM
26.31,70,6.24,4/10/2025, 3:18:22 PM
26.56,70,6.14,4/10/2025, 2:52:18 PM
26.81,70,6,4/10/2025, 2:39:14 PM
26.81,70,6.04,4/10/2025, 2:38:14 PM
26.87,70,5.9,4/10/2025, 2:19:11 PM
26.87,70,6.1,4/10/2025, 2:18:11 PM
26.87,70,6.07,4/10/2025, 2:08:09 PM
26.75,70,5.97,4/10/2025, 1:58:08 PM
27.13,70,6,4/10/2025, 1:29:03 PM
27.19,70,6.07,4/10/2025, 1:28:02 PM
27.69,70,6.07,4/10/2025, 1:15:01 PM
28.12,70,6.3,4/10/2025, 1:03:59 PM
28.31,70,6.3,4/10/2025, 12:57:58 PM
28.62,70,6.3,4/10/2025, 12:47:55 PM
28.87,70,6.3,4/10/2025, 12:37:54 PM
29.19,70,6.17,4/10/2025, 12:27:52 PM
30.06,70,6.4,4/10/2025, 12:12:47 PM
30.31,70,6.47,4/10/2025, 12:08:47 PM
30.69,70,6.44,4/10/2025, 11:56:44 AM
30.69,70,6.44,4/10/2025, 11:48:39 AM
30.75,70,6.5,4/10/2025, 11:38:39 AM
30.62,70,6.3,4/10/2025, 11:28:33 AM
30.5,70,6.44,4/10/2025, 11:18:30 AM
29.69,70,6.3,4/10/2025, 10:55:21 AM
29.56,70,6.3,4/10/2025, 10:48:20 AM
28.31,70,6.37,4/10/2025, 9:57:09 AM
27.69,70,6.3,4/10/2025, 9:38:04 AM
27.37,70,6.4,4/10/2025, 9:28:03 AM
27.13,70,6.54,4/10/2025, 9:18:03 AM
26.69,70,6.57,4/10/2025, 9:07:59 AM
26.31,70,6.67,4/10/2025, 8:56:57 AM
26.12,70,6.67,4/10/2025, 8:47:54 AM
25.75,70,6.04,4/10/2025, 8:25:51 AM
25.62,70,6.74,4/10/2025, 8:18:50 AM
25.25,70,6.84,4/10/2025, 8:04:49 AM
25.06,70,6.67,4/10/2025, 7:56:51 AM
24.81,70,6.7,4/10/2025, 7:48:46 AM
24.56,70,6.84,4/10/2025, 7:38:45 AM
24.37,70,6.84,4/10/2025, 7:28:43 AM
24.12,70,6.94,4/10/2025, 7:18:42 AM
23.87,70,6.84,4/10/2025, 7:08:42 AM
23.69,70,6.84,4/10/2025, 6:56:40 AM
23.56,70,7.04,4/10/2025, 6:48:39 AM
23.44,70,6.84,4/10/2025, 6:38:37 AM
23.31,70,6.97,4/10/2025, 6:28:36 AM
23.31,70,6.74,4/10/2025, 6:18:35 AM
23.31,70,6.9,4/10/2025, 6:08:34 AM
23.31,70,7.07,4/10/2025, 5:57:32 AM
23.31,70,6.7,4/10/2025, 5:48:31 AM
23.38,70,6.87,4/10/2025, 5:38:30 AM
23.38,70,7.04,4/10/2025, 5:28:29 AM
23.5,70,6.9,4/10/2025, 5:18:28 AM
23.62,70,7.04,4/10/2025, 5:08:26 AM
23.69,70,7.14,4/10/2025, 4:58:25 AM
23.69,70,6.97,4/10/2025, 4:48:24 AM
23.81,70,6.54,4/10/2025, 4:38:23 AM
24,70,7.07,4/10/2025, 4:28:22 AM
24.12,70,7,4/10/2025, 4:18:21 AM
24.19,70,7.1,4/10/2025, 4:02:26 AM
24.25,70,7.04,4/10/2025, 2:40:04 AM
24.25,70,7.14,4/10/2025, 2:38:04 AM
24.25,70,6.9,4/10/2025, 2:28:03 AM
24.31,70,7.1,4/10/2025, 2:18:02 AM
24.31,70,6.5,4/10/2025, 2:08:01 AM
24.37,70,7.4,4/10/2025, 1:58:01 AM
24.44,70,6.9,4/10/2025, 1:48:00 AM
24.87,70,6.94,4/9/2025, 11:38:39 PM
25.31,70,6.47,4/9/2025, 10:46:31 PM
25.44,70,6.67,4/9/2025, 10:38:30 PM
25.56,70,6.9,4/9/2025, 10:28:28 PM
25.62,70,6.84,4/9/2025, 10:18:27 PM
25.56,70,6.77,4/9/2025, 10:08:25 PM
25.62,70,6.64,4/9/2025, 9:58:23 PM
25.69,70,6.7,4/9/2025, 9:48:21 PM
25.75,70,6.8,4/9/2025, 9:38:19 PM
25.81,70,6.7,4/9/2025, 9:28:19 PM
25.88,70,6.57,4/9/2025, 9:18:17 PM
26,70,6.57,4/9/2025, 9:08:14 PM
26.12,70,6.7,4/9/2025, 8:58:13 PM
26.19,70,6.57,4/9/2025, 8:48:11 PM
26.37,70,6.57,4/9/2025, 8:38:09 PM
26.44,70,6.67,4/9/2025, 8:28:07 PM
26.56,70,6.57,4/9/2025, 8:18:04 PM
26.62,70,6.6,4/9/2025, 8:08:03 PM
26.62,70,6.64,4/9/2025, 7:58:01 PM
26.62,70,6.64,4/9/2025, 7:47:58 PM
26.75,70,6.6,4/9/2025, 7:37:55 PM
26.75,70,6.6,4/9/2025, 7:27:53 PM
27.13,70,6.57,4/9/2025, 6:56:48 PM
27.37,70,6.57,4/9/2025, 6:23:45 PM
27.44,70,6.64,4/9/2025, 6:18:43 PM
27.5,70,6.57,4/9/2025, 6:08:41 PM
27.56,70,6.47,4/9/2025, 5:58:39 PM
27.75,70,6.44,4/9/2025, 5:48:38 PM
27.94,70,6.47,4/9/2025, 5:28:33 PM
28,70,6.5,4/9/2025, 5:18:30 PM
27.94,70,6.44,4/9/2025, 5:08:29 PM
28,70,6.37,4/9/2025, 4:58:28 PM
28.06,70,6.34,4/9/2025, 4:48:26 PM
28.44,70,6.3,4/9/2025, 4:20:22 PM
28.44,70,6.44,4/9/2025, 4:18:22 PM
28.5,70,6.27,4/9/2025, 4:08:21 PM
28.56,70,6.3,4/9/2025, 3:58:18 PM
28.81,70,6.3,4/9/2025, 3:23:11 PM
28.94,70,6.3,4/9/2025, 3:18:09 PM
29.06,70,6.3,4/9/2025, 3:08:08 PM
29.19,70,6.27,4/9/2025, 2:58:06 PM
29.63,70,6.37,4/9/2025, 2:22:59 PM
29.69,70,6.34,4/9/2025, 2:17:57 PM
30.37,70,6.3,4/9/2025, 1:53:52 PM
30.44,70,6.2,4/9/2025, 1:47:50 PM
30.37,70,6.3,4/9/2025, 1:38:46 PM
30.31,70,6.3,4/9/2025, 1:28:42 PM
30.31,70,6.3,4/9/2025, 1:18:38 PM
30.31,70,6.3,4/9/2025, 1:04:34 PM
30.44,70,6.17,4/9/2025, 12:58:32 PM
30.44,70,6.24,4/9/2025, 12:48:30 PM
30.56,70,6.3,4/9/2025, 12:38:36 PM
30.81,70,6.24,4/9/2025, 11:43:10 AM
30.81,70,6.27,4/9/2025, 11:24:03 AM
30.75,70,6.17,4/9/2025, 11:18:00 AM
30.56,70,6.34,4/9/2025, 11:01:54 AM
30.5,70,6.34,4/9/2025, 10:57:53 AM
30.37,70,6.17,4/9/2025, 10:48:49 AM
29.87,70,6.3,4/9/2025, 10:36:48 AM
29.69,70,6.3,4/9/2025, 10:28:47 AM
29.5,70,6.27,4/9/2025, 10:18:45 AM
29.25,70,6.37,4/9/2025, 10:08:43 AM
28.25,70,6.44,4/9/2025, 9:40:37 AM
28.12,70,6.3,4/9/2025, 9:38:37 AM
27.81,70,6.54,4/9/2025, 9:28:35 AM
27.5,70,6.57,4/9/2025, 9:18:33 AM
27.37,70,6.57,4/9/2025, 9:08:31 AM
27.31,70,6.6,4/9/2025, 8:58:28 AM
27.06,70,6.6,4/9/2025, 8:48:27 AM
26.69,70,6.47,4/9/2025, 8:38:26 AM
26.06,70,6.57,4/9/2025, 8:26:24 AM
25.69,70,6.6,4/9/2025, 8:18:23 AM
25.12,70,6.57,4/9/2025, 8:06:20 AM
24.94,70,6.6,4/9/2025, 7:58:19 AM
24.69,70,6.57,4/9/2025, 7:48:18 AM
24.44,70,6.54,4/9/2025, 7:38:16 AM
24.31,70,6.4,4/9/2025, 7:28:16 AM
24.06,70,6.37,4/9/2025, 7:06:13 AM
23.94,70,6.4,4/9/2025, 6:48:09 AM
23.81,70,6.57,4/9/2025, 6:38:08 AM
23.62,70,6.5,4/9/2025, 6:28:07 AM
23.62,70,6.34,4/9/2025, 6:18:05 AM
23.56,70,6.54,4/9/2025, 6:08:05 AM
23.69,70,6.44,4/9/2025, 5:58:03 AM
23.81,70,6.3,4/9/2025, 5:48:02 AM
23.81,70,6.6,4/9/2025, 5:38:01 AM
23.75,70,6.7,4/9/2025, 5:28:00 AM
23.81,70,6.5,4/9/2025, 5:17:59 AM
23.87,70,6.64,4/9/2025, 5:07:58 AM
24,70,6.67,4/9/2025, 4:54:56 AM
24,70,6.7,4/9/2025, 4:47:55 AM
24.12,70,6.57,4/9/2025, 4:37:55 AM
24.19,70,6.57,4/9/2025, 4:27:53 AM
24.25,70,6.47,4/9/2025, 4:17:53 AM
24.37,70,6.4,4/9/2025, 3:59:52 AM
24.37,70,6.57,4/9/2025, 3:56:52 AM
24.69,70,6.5,4/9/2025, 3:08:44 AM
25,70,6.6,4/9/2025, 2:27:40 AM
25.12,70,6.54,4/9/2025, 2:18:39 AM
25.12,70,6.74,4/9/2025, 2:08:38 AM
25.19,70,6.64,4/9/2025, 1:58:37 AM
25.19,70,6.64,4/9/2025, 1:48:36 AM
25.19,70,6.64,4/9/2025, 1:38:35 AM
25.31,70,6.7,4/9/2025, 1:28:34 AM
25.37,70,6.57,4/9/2025, 1:18:33 AM
25.44,70,6.7,4/9/2025, 1:08:31 AM
25.5,70,6.87,4/9/2025, 12:58:30 AM
25.5,70,6.87,4/9/2025, 12:48:29 AM
25.62,70,6.74,4/9/2025, 12:38:28 AM
25.69,70,6.77,4/9/2025, 12:28:27 AM
25.75,70,6.7,4/9/2025, 12:18:26 AM
25.88,70,6.57,4/9/2025, 12:08:24 AM
25.81,70,6.7,4/8/2025, 11:58:23 PM
25.81,70,6.6,4/8/2025, 11:48:21 PM
25.94,70,6.57,4/8/2025, 11:38:19 PM
25.88,70,6.6,4/8/2025, 11:28:18 PM
25.88,70,6.54,4/8/2025, 11:18:16 PM
25.94,70,6.64,4/8/2025, 11:08:14 PM
25.94,70,6.77,4/8/2025, 10:58:11 PM
26.06,70,6.67,4/8/2025, 10:48:09 PM
26.06,70,6.57,4/8/2025, 10:38:07 PM
26.12,70,6.64,4/8/2025, 10:28:05 PM
26.25,70,6.67,4/8/2025, 10:18:04 PM
26.37,70,6.57,4/8/2025, 10:08:01 PM
26.37,70,6.7,4/8/2025, 9:57:59 PM
26.44,70,6.64,4/8/2025, 9:47:58 PM
26.56,70,6.57,4/8/2025, 9:37:56 PM
26.62,70,6.47,4/8/2025, 9:27:53 PM
26.69,70,6.67,4/8/2025, 9:17:51 PM
26.75,70,6.4,4/8/2025, 9:08:49 PM
26.81,70,6.5,4/8/2025, 8:58:46 PM
26.87,70,6.5,4/8/2025, 8:48:46 PM
27.19,70,6.5,4/8/2025, 8:07:34 PM
27.5,70,6.47,4/8/2025, 7:31:26 PM
27.5,70,6.34,4/8/2025, 7:28:25 PM
27.56,70,6.44,4/8/2025, 7:18:24 PM
27.62,70,6.47,4/8/2025, 7:08:22 PM
27.75,70,6.47,4/8/2025, 6:58:21 PM
27.87,70,6.4,4/8/2025, 6:48:20 PM
28.19,70,6.37,4/8/2025, 6:22:15 PM
28.19,70,6.3,4/8/2025, 6:18:13 PM
28.31,70,6.44,4/8/2025, 6:08:12 PM
28.69,70,6.3,4/8/2025, 5:47:07 PM
28.81,70,6.24,4/8/2025, 5:38:06 PM
29.12,70,6.3,4/8/2025, 5:15:00 PM
29.25,70,6.17,4/8/2025, 5:07:58 PM
29.37,70,6.17,4/8/2025, 4:57:57 PM
29.5,70,6.27,4/8/2025, 4:47:54 PM
29.69,70,6.3,4/8/2025, 4:20:45 PM
29.69,70,6.44,4/8/2025, 4:18:44 PM
29.75,70,6.17,4/8/2025, 4:08:42 PM
29.69,70,6.17,4/8/2025, 3:58:40 PM
29.75,70,6.2,4/8/2025, 3:33:35 PM
29.87,70,6.27,4/8/2025, 3:28:34 PM
30.69,70,6.24,4/8/2025, 3:05:29 PM
30.94,70,6.3,4/8/2025, 2:58:28 PM
31.44,70,6.24,4/8/2025, 2:39:22 PM
31.44,70,6.17,4/8/2025, 2:38:22 PM
31.81,70,6.17,4/8/2025, 2:28:20 PM
31.87,70,6.2,4/8/2025, 2:18:19 PM
31.69,70,6.27,4/8/2025, 2:08:17 PM
31.44,70,6.17,4/8/2025, 1:38:08 PM
31.19,70,6.37,4/8/2025, 1:23:03 PM
31.06,70,6.24,4/8/2025, 1:18:01 PM
31.44,70,6.24,4/8/2025, 1:07:58 PM
31.5,70,6.2,4/8/2025, 12:57:54 PM
31.5,70,6.27,4/8/2025, 12:47:52 PM
31.25,70,6.3,4/8/2025, 12:38:49 PM
30.75,70,6.37,4/8/2025, 12:25:46 PM
30.62,70,6.4,4/8/2025, 12:18:43 PM
30.5,70,6.24,4/8/2025, 12:08:38 PM
30.37,70,6.3,4/8/2025, 11:58:35 AM
29.81,70,6.04,4/8/2025, 11:28:28 AM
29.44,70,6.04,4/8/2025, 10:45:13 AM
29.25,70,6.17,4/8/2025, 10:38:12 AM
28.94,70,6.07,4/8/2025, 10:28:09 AM
28,70,6.2,4/8/2025, 10:03:04 AM
27.75,70,6.17,4/8/2025, 9:58:03 AM
27.37,70,6.17,4/8/2025, 9:48:02 AM
27.06,70,6.17,4/8/2025, 9:38:01 AM
26.62,70,6.37,4/8/2025, 9:22:58 AM
26.56,70,6.44,4/8/2025, 9:17:57 AM
26.37,70,6.34,4/8/2025, 9:07:55 AM
26,70,6.44,4/8/2025, 8:57:52 AM
25.81,70,6.54,4/8/2025, 8:47:51 AM
25.44,70,6.57,4/8/2025, 8:32:49 AM
25.25,70,6.57,4/8/2025, 8:28:49 AM
24.63,70,6.54,4/8/2025, 8:12:46 AM
24.44,70,6.54,4/8/2025, 8:07:45 AM
24.19,70,6.47,4/8/2025, 7:58:45 AM
23.81,70,6.37,4/8/2025, 7:48:43 AM
23.44,70,6.47,4/8/2025, 7:34:40 AM
23.25,70,6.34,4/8/2025, 7:28:40 AM
23.19,70,6.4,4/8/2025, 7:18:39 AM
23.12,70,6.34,4/8/2025, 7:07:37 AM
23.06,70,6.4,4/8/2025, 6:58:36 AM
22.81,70,6.37,4/8/2025, 5:27:16 AM
23.19,70,6.34,4/8/2025, 4:47:07 AM
23.69,70,6.3,4/8/2025, 3:27:51 AM
23.69,70,6.34,4/8/2025, 3:18:49 AM
23.75,70,6.3,4/8/2025, 3:08:48 AM
23.87,70,6.3,4/8/2025, 2:58:46 AM
23.94,70,6.47,4/8/2025, 2:48:45 AM
24.06,70,6.34,4/8/2025, 2:37:44 AM
24.12,70,6.37,4/8/2025, 2:28:43 AM
24.12,70,6.47,4/8/2025, 2:18:42 AM
24.25,70,6.44,4/8/2025, 2:08:41 AM
24.31,70,6.5,4/8/2025, 1:58:41 AM
24.37,70,6.34,4/8/2025, 1:48:41 AM
24.5,70,6.47,4/8/2025, 1:38:38 AM
24.63,70,6.44,4/8/2025, 1:28:37 AM
24.63,70,6.44,4/8/2025, 1:18:36 AM
24.69,70,6.4,4/8/2025, 1:08:35 AM
24.75,70,6.3,4/8/2025, 12:58:34 AM
25.12,70,6.4,4/8/2025, 12:29:31 AM
25.12,70,6.5,4/8/2025, 12:28:32 AM
25.62,70,6.47,4/7/2025, 11:08:13 PM
25.56,70,6.5,4/7/2025, 10:58:11 PM
25.69,70,6.54,4/7/2025, 10:48:10 PM
25.81,70,6.5,4/7/2025, 10:38:09 PM
25.88,70,6.54,4/7/2025, 10:28:07 PM
25.94,70,6.4,4/7/2025, 10:18:05 PM
26,70,6.5,4/7/2025, 10:08:03 PM
26.12,70,6.57,4/7/2025, 9:58:03 PM
26.19,70,6.57,4/7/2025, 9:48:01 PM
26.37,70,6.64,4/7/2025, 9:37:58 PM
26.5,70,6.57,4/7/2025, 9:27:56 PM
26.62,70,6.57,4/7/2025, 9:17:55 PM
26.75,70,6.5,4/7/2025, 9:07:54 PM
26.87,70,6.6,4/7/2025, 8:57:51 PM
27,70,6.57,4/7/2025, 8:48:50 PM
27.25,70,6.57,4/7/2025, 8:18:44 PM
27.69,70,6.6,4/7/2025, 7:30:37 PM
27.69,70,6.57,4/7/2025, 7:28:36 PM
27.75,70,6.6,4/7/2025, 7:18:35 PM
28.19,70,6.37,4/7/2025, 6:52:32 PM
28.19,70,6.5,4/7/2025, 6:48:30 PM
28.38,70,6.4,4/7/2025, 6:38:28 PM
28.75,70,6.34,4/7/2025, 6:19:24 PM
28.75,70,6.3,4/7/2025, 6:18:24 PM
28.94,70,6.3,4/7/2025, 6:08:21 PM
29.25,70,6.34,4/7/2025, 5:48:19 PM
29.44,70,6.2,4/7/2025, 5:38:16 PM
29.5,70,6.24,4/7/2025, 5:28:14 PM
29.63,70,6.3,4/7/2025, 5:18:10 PM
29.87,70,6.3,4/7/2025, 5:02:03 PM
30,70,6.37,4/7/2025, 4:58:03 PM
30.06,70,6.24,4/7/2025, 4:44:03 PM
30.69,70,6.44,4/7/2025, 3:54:52 PM
30.88,70,6.34,4/7/2025, 3:47:50 PM
31,70,6.44,4/7/2025, 3:38:47 PM
31.31,70,6.4,4/7/2025, 3:07:39 PM
31.31,70,6.47,4/7/2025, 2:58:35 PM
31.31,70,6.47,4/7/2025, 2:48:32 PM
31.44,70,6.57,4/7/2025, 1:51:26 PM
31.5,70,6.64,4/7/2025, 1:48:24 PM
31.62,70,6.54,4/7/2025, 1:38:23 PM
31.62,70,6.57,4/7/2025, 1:28:22 PM
31.62,70,6.6,4/7/2025, 1:18:19 PM
31.44,70,6.67,4/7/2025, 1:08:17 PM
31.37,70,6.7,4/7/2025, 12:58:14 PM
31.31,70,6.6,4/7/2025, 12:48:12 PM
31.31,70,6.67,4/7/2025, 12:38:10 PM
31.25,70,6.7,4/7/2025, 12:28:09 PM
31.12,70,6.7,4/7/2025, 12:18:08 PM
30.88,70,6.67,4/7/2025, 12:08:04 PM
30.75,70,6.7,4/7/2025, 11:58:00 AM
30.19,70,6.67,4/7/2025, 11:38:51 AM
30.12,70,6.54,4/7/2025, 11:37:50 AM
29.31,70,6.64,4/7/2025, 10:55:36 AM
29.12,70,6.57,4/7/2025, 10:48:36 AM
28.87,70,6.6,4/7/2025, 10:38:33 AM
27.87,70,6.77,4/7/2025, 10:07:26 AM
27.31,70,6.84,4/7/2025, 9:52:23 AM
27.19,70,6.9,4/7/2025, 9:48:22 AM
27.19,70,6.84,4/7/2025, 9:38:20 AM
26.94,70,6.87,4/7/2025, 9:28:19 AM
26.37,70,7.1,4/7/2025, 9:13:17 AM
26.12,70,7,4/7/2025, 9:08:17 AM
25.69,70,7,4/7/2025, 8:58:15 AM
24.56,70,7.14,4/7/2025, 8:06:05 AM
24.31,70,7.1,4/7/2025, 7:58:04 AM
24.06,70,7.1,4/7/2025, 7:48:03 AM
23.87,70,7.04,4/7/2025, 7:38:03 AM
23.62,70,7.07,4/7/2025, 7:28:01 AM
23.06,70,7.14,4/7/2025, 6:57:58 AM
22.81,70,7.04,4/7/2025, 6:48:01 AM
22.44,70,7.07,4/7/2025, 6:30:56 AM
22.31,70,6.94,4/7/2025, 6:23:55 AM
22.13,70,6.94,4/7/2025, 6:17:53 AM
22.13,70,6.94,4/7/2025, 6:07:52 AM
22.19,70,6.84,4/7/2025, 5:57:50 AM
22.25,70,7,4/7/2025, 5:48:49 AM
22.25,70,6.87,4/7/2025, 5:38:48 AM
22.31,70,6.87,4/7/2025, 5:28:46 AM
23.06,70,7,4/7/2025, 3:27:21 AM
23.06,70,6.9,4/7/2025, 3:18:19 AM
23.12,70,6.84,4/7/2025, 3:08:18 AM
23.19,70,7,4/7/2025, 2:58:17 AM
23.19,70,7.04,4/7/2025, 2:48:16 AM
23.25,70,6.84,4/7/2025, 2:38:15 AM
23.31,70,6.84,4/7/2025, 2:28:14 AM
23.38,70,6.97,4/7/2025, 2:18:12 AM
23.44,70,6.94,4/7/2025, 2:08:11 AM
23.56,70,7,4/7/2025, 1:58:11 AM
23.56,70,7.1,4/7/2025, 1:48:10 AM
23.62,70,7.04,4/7/2025, 1:38:09 AM
23.69,70,7.14,4/7/2025, 1:28:09 AM
23.69,70,7.1,4/7/2025, 1:16:07 AM
23.75,70,7,4/7/2025, 1:08:06 AM
23.81,70,7.2,4/7/2025, 12:58:06 AM
23.87,70,6.97,4/7/2025, 12:48:05 AM
23.94,70,7.07,4/7/2025, 12:38:04 AM
23.94,70,7.1,4/7/2025, 12:28:04 AM
24,70,7.04,4/7/2025, 12:18:03 AM
24.06,70,7.1,4/7/2025, 12:08:02 AM
24.06,70,7,4/6/2025, 11:58:01 PM
24.06,70,7.07,4/6/2025, 11:48:01 PM
24.19,70,7.17,4/6/2025, 11:36:59 PM
24.12,70,7.17,4/6/2025, 11:27:58 PM
24.75,70,7.1,4/6/2025, 8:16:30 PM
25.19,70,6.94,4/6/2025, 7:10:18 PM
25.19,70,7.1,4/6/2025, 7:08:16 PM
25.12,70,7.1,4/6/2025, 6:58:14 PM
25.06,70,7.17,4/6/2025, 6:48:13 PM
25.12,70,7.1,4/6/2025, 6:38:11 PM
25.12,70,7.1,4/6/2025, 6:28:09 PM
25.19,70,7.14,4/6/2025, 6:18:08 PM
25.31,70,7.24,4/6/2025, 6:08:05 PM
25.37,70,7.1,4/6/2025, 5:58:03 PM
25.44,70,7.24,4/6/2025, 5:48:02 PM
25.56,70,7.24,4/6/2025, 5:38:00 PM
25.56,70,7.14,4/6/2025, 5:27:59 PM
25.69,70,7.1,4/6/2025, 5:17:56 PM
25.75,70,7.17,4/6/2025, 5:07:54 PM
25.81,70,7.1,4/6/2025, 4:57:52 PM
26.06,70,7.1,4/6/2025, 4:48:50 PM
26.12,70,7.04,4/6/2025, 4:38:48 PM
26.12,70,7.1,4/6/2025, 4:28:46 PM
26.25,70,7.17,4/6/2025, 4:18:45 PM
26.25,70,7.1,4/6/2025, 4:05:41 PM
26.31,70,6.97,4/6/2025, 3:58:40 PM
26.31,70,7.1,4/6/2025, 3:48:37 PM
26.37,70,7.14,4/6/2025, 3:37:36 PM
26.31,70,6.9,4/6/2025, 3:28:34 PM
26.31,70,7,4/6/2025, 3:18:32 PM
26.44,70,6.97,4/6/2025, 3:08:30 PM
26.56,70,6.94,4/6/2025, 2:58:29 PM
27.19,70,6.8,4/6/2025, 2:39:27 PM
27.25,70,6.84,4/6/2025, 2:38:27 PM
28.44,70,6.94,4/6/2025, 2:26:24 PM
29.06,70,6.97,4/6/2025, 2:18:22 PM
29.37,70,6.97,4/6/2025, 2:05:18 PM
30.25,70,7.04,4/6/2025, 1:47:10 PM
30.31,70,6.94,4/6/2025, 1:38:07 PM
30.37,70,6.74,4/6/2025, 1:28:03 PM
30.44,70,6.7,4/6/2025, 1:17:59 PM
31.12,70,6.84,4/6/2025, 1:03:55 PM
31.5,70,6.74,4/6/2025, 12:57:54 PM
32.25,70,6.9,4/6/2025, 12:47:51 PM
32.38,70,6.9,4/6/2025, 12:38:46 PM
32,70,6.87,4/6/2025, 12:28:42 PM
31.75,70,6.9,4/6/2025, 12:18:39 PM
31.25,70,7.07,4/6/2025, 12:08:37 PM
31.12,70,7.04,4/6/2025, 11:58:33 AM
30.81,70,6.97,4/6/2025, 11:48:30 AM
30.56,70,7.07,4/6/2025, 11:38:27 AM
30.31,70,7.1,4/6/2025, 11:28:24 AM
30.06,70,7.1,4/6/2025, 11:15:17 AM
29.94,70,7.1,4/6/2025, 11:08:15 AM
29.31,70,7.07,4/6/2025, 10:47:12 AM
29.06,70,7.07,4/6/2025, 10:38:09 AM
28,70,7.04,4/6/2025, 10:03:02 AM
27.87,70,6.94,4/6/2025, 9:58:02 AM
27.69,70,7.2,4/6/2025, 9:48:00 AM
27.31,70,7.1,4/6/2025, 9:32:56 AM
27.19,70,7.07,4/6/2025, 9:27:55 AM
26.87,70,7.2,4/6/2025, 9:17:55 AM
26.5,70,7.1,4/6/2025, 9:07:51 AM
26,70,7.07,4/6/2025, 8:50:48 AM
25.88,70,7.1,4/6/2025, 8:48:48 AM
25.37,70,7.1,4/6/2025, 8:31:45 AM
25.31,70,7.1,4/6/2025, 8:28:45 AM
24.94,70,7.1,4/6/2025, 8:10:44 AM
24.69,70,7.1,4/6/2025, 8:03:42 AM
24.56,70,7.1,4/6/2025, 7:58:42 AM
24.37,70,7.14,4/6/2025, 7:48:40 AM
24.19,70,7.24,4/6/2025, 7:38:39 AM
24,70,7.2,4/6/2025, 7:28:37 AM
23.75,70,7.27,4/6/2025, 7:18:36 AM
23.5,70,7.3,4/6/2025, 7:08:34 AM
23.06,70,7.14,4/6/2025, 6:53:32 AM
22.87,70,7.34,4/6/2025, 6:48:35 AM
22.31,70,7.24,4/6/2025, 6:08:24 AM
22.25,70,7.1,4/6/2025, 5:58:22 AM
22.25,70,7.2,4/6/2025, 5:48:21 AM
22.31,70,7.14,4/6/2025, 5:38:19 AM
22.69,70,7.1,4/6/2025, 4:44:09 AM
23.06,70,7.14,4/6/2025, 3:49:58 AM
23.06,70,7.24,4/6/2025, 3:47:58 AM
23.12,70,7.1,4/6/2025, 3:37:56 AM
23.12,70,7.04,4/6/2025, 3:27:55 AM
23.19,70,7.1,4/6/2025, 3:17:54 AM
23.25,70,7.07,4/6/2025, 3:07:53 AM
23.31,70,7.2,4/6/2025, 2:57:52 AM
23.31,70,7.14,4/6/2025, 2:47:52 AM
23.31,70,7.04,4/6/2025, 2:37:51 AM
23.31,70,7,4/6/2025, 2:27:51 AM
23.44,70,7.14,4/6/2025, 2:16:48 AM
23.44,70,7.07,4/6/2025, 2:08:49 AM
23.5,70,7.1,4/6/2025, 1:58:45 AM
23.56,70,6.9,4/6/2025, 1:48:45 AM
23.56,70,7.14,4/6/2025, 1:38:44 AM
23.56,70,7.1,4/6/2025, 1:28:43 AM
23.62,70,7.04,4/6/2025, 1:18:42 AM
23.62,70,7.07,4/6/2025, 1:08:41 AM
23.69,70,6.97,4/6/2025, 12:58:40 AM
23.75,70,7.04,4/6/2025, 12:48:40 AM
23.81,70,7.04,4/6/2025, 12:38:39 AM
23.81,70,7,4/6/2025, 12:28:38 AM
23.87,70,6.9,4/6/2025, 12:18:37 AM
23.94,70,7.04,4/6/2025, 12:08:36 AM
23.94,70,7.07,4/5/2025, 11:58:35 PM
23.94,70,7.04,4/5/2025, 11:47:34 PM
23.94,70,7.07,4/5/2025, 11:38:32 PM
24,70,7.07,4/5/2025, 11:28:32 PM
24.06,70,7.07,4/5/2025, 11:18:31 PM
24.12,70,6.94,4/5/2025, 11:08:30 PM
24.19,70,7.1,4/5/2025, 10:58:29 PM
24.19,70,7.1,4/5/2025, 10:48:28 PM
24.25,70,7,4/5/2025, 10:38:27 PM
24.25,70,7.04,4/5/2025, 10:28:26 PM
24.31,70,7.07,4/5/2025, 10:18:25 PM
24.31,70,7.07,4/5/2025, 10:08:23 PM
24.37,70,7,4/5/2025, 9:58:22 PM
24.44,70,6.97,4/5/2025, 9:48:21 PM
24.37,70,7.07,4/5/2025, 9:38:20 PM
24.44,70,7.1,4/5/2025, 9:28:20 PM
24.94,70,6.87,4/5/2025, 7:09:55 PM
24.87,70,6.9,4/5/2025, 7:05:54 PM
25,70,6.94,4/5/2025, 6:49:51 PM
25.25,70,6.84,4/5/2025, 6:23:44 PM
25.31,70,6.8,4/5/2025, 6:18:42 PM
25.37,70,6.87,4/5/2025, 6:08:40 PM
25.5,70,6.87,4/5/2025, 5:58:38 PM
25.62,70,6.84,4/5/2025, 5:48:37 PM
25.81,70,6.84,4/5/2025, 5:38:36 PM
25.88,70,6.74,4/5/2025, 5:28:34 PM
26.06,70,6.7,4/5/2025, 5:18:32 PM
26.19,70,6.4,4/5/2025, 5:08:30 PM
26.31,70,6.64,4/5/2025, 4:58:28 PM
26.62,70,6.67,4/5/2025, 4:48:26 PM
26.75,70,6.74,4/5/2025, 4:27:25 PM
26.75,70,6.7,4/5/2025, 4:06:19 PM
27.44,70,6.57,4/5/2025, 3:09:07 PM
27.56,70,6.6,4/5/2025, 3:08:07 PM
28.12,70,6.57,4/5/2025, 2:58:05 PM
28.87,70,6.54,4/5/2025, 2:46:01 PM
29.12,70,6.54,4/5/2025, 2:37:58 PM
29.37,70,6.54,4/5/2025, 2:27:55 PM
29.69,70,6.47,4/5/2025, 1:38:49 PM
29.25,70,6.5,4/5/2025, 1:28:40 PM
29.44,70,6.57,4/5/2025, 1:18:39 PM
30.19,70,6.57,4/5/2025, 12:57:31 PM
30.94,70,6.57,4/5/2025, 12:47:28 PM
31.37,70,6.67,4/5/2025, 12:38:26 PM
31.5,70,6.6,4/5/2025, 12:28:25 PM
31.69,70,6.67,4/5/2025, 12:18:21 PM
31.25,70,6.7,4/5/2025, 12:08:17 PM
30.88,70,6.74,4/5/2025, 11:58:14 AM
30.44,70,6.77,4/5/2025, 11:48:13 AM
30.31,70,6.7,4/5/2025, 11:38:11 AM
30.25,70,6.84,4/5/2025, 11:28:07 AM
29.5,70,6.8,4/5/2025, 11:06:04 AM
29.12,70,6.9,4/5/2025, 10:58:03 AM
28.94,70,6.87,4/5/2025, 10:47:59 AM
28.12,70,7.07,4/5/2025, 10:07:53 AM
27.87,70,6.97,4/5/2025, 9:57:51 AM
27.56,70,7.07,4/5/2025, 9:48:50 AM
27.31,70,7.04,4/5/2025, 9:38:48 AM
27.19,70,7,4/5/2025, 9:28:47 AM
27.06,70,7.07,4/5/2025, 9:18:45 AM
26.56,70,7.1,4/5/2025, 9:05:42 AM
26.31,70,7.14,4/5/2025, 8:58:42 AM
25.88,70,7.04,4/5/2025, 8:46:39 AM
25.44,70,7.1,4/5/2025, 8:36:37 AM
24.75,70,7.07,4/5/2025, 8:17:35 AM
24.37,70,7.2,4/5/2025, 8:08:34 AM
24.06,70,7.17,4/5/2025, 7:58:32 AM
23.87,70,7.14,4/5/2025, 7:48:31 AM
23.44,70,7.04,4/5/2025, 7:15:24 AM
23.38,70,7.1,4/5/2025, 7:08:22 AM
23.25,70,7.2,4/5/2025, 6:58:21 AM
23.12,70,6.9,4/5/2025, 6:48:19 AM
23,70,7.07,4/5/2025, 6:38:16 AM
23,70,5.9,4/5/2025, 6:28:15 AM
23.12,70,6,4/5/2025, 5:12:06 AM
23.12,70,5.77,4/5/2025, 5:08:05 AM
23.19,70,5.94,4/5/2025, 4:58:04 AM
23.25,70,5.9,4/5/2025, 4:48:03 AM
23.31,70,5.84,4/5/2025, 4:38:02 AM
23.38,70,5.87,4/5/2025, 4:28:01 AM
23.38,70,6,4/5/2025, 4:18:00 AM
23.44,70,5.77,4/5/2025, 4:07:58 AM
23.5,70,5.87,4/5/2025, 3:57:58 AM
23.56,70,5.9,4/5/2025, 3:47:55 AM
23.62,70,5.77,4/5/2025, 3:37:54 AM
23.69,70,5.9,4/5/2025, 3:27:53 AM
23.69,70,5.84,4/5/2025, 3:17:52 AM
23.69,70,5.87,4/5/2025, 3:07:51 AM
23.75,70,5.9,4/5/2025, 2:58:50 AM
23.81,70,5.84,4/5/2025, 2:48:48 AM
23.75,70,5.87,4/5/2025, 2:38:47 AM
23.75,70,5.87,4/5/2025, 2:28:46 AM
23.75,70,5.74,4/5/2025, 2:18:45 AM
23.87,70,5.67,4/5/2025, 2:06:43 AM
23.94,70,5.67,4/5/2025, 1:58:43 AM
24,70,5.87,4/5/2025, 1:48:41 AM
24,70,5.84,4/5/2025, 1:38:40 AM
24,70,5.8,4/5/2025, 1:28:39 AM
24.06,70,5.8,4/5/2025, 1:18:38 AM
24.19,70,5.67,4/5/2025, 1:08:37 AM
24.19,70,5.9,4/5/2025, 12:58:35 AM
24.19,70,5.8,4/5/2025, 12:48:34 AM
24.25,70,5.64,4/5/2025, 12:38:33 AM
24.31,70,5.8,4/5/2025, 12:28:33 AM
24.37,70,5.8,4/5/2025, 12:18:30 AM
24.75,70,5.7,4/4/2025, 10:54:47 PM
25.25,70,5.67,4/4/2025, 9:13:31 PM
25.37,70,5.6,4/4/2025, 9:08:30 PM
25.44,70,5.8,4/4/2025, 8:58:30 PM
25.5,70,5.77,4/4/2025, 8:48:29 PM
25.56,70,5.67,4/4/2025, 8:38:27 PM
25.62,70,5.67,4/4/2025, 8:28:26 PM
25.62,70,5.8,4/4/2025, 8:18:25 PM
25.62,70,5.8,4/4/2025, 8:08:24 PM
25.75,70,5.77,4/4/2025, 7:58:23 PM
25.69,70,5.77,4/4/2025, 7:48:21 PM
25.81,70,5.6,4/4/2025, 7:38:21 PM
25.81,70,5.7,4/4/2025, 7:28:20 PM
25.94,70,5.67,4/4/2025, 7:18:19 PM
26,70,5.67,4/4/2025, 7:08:18 PM
26,70,5.77,4/4/2025, 6:58:17 PM
26,70,5.7,4/4/2025, 6:48:14 PM
25.94,70,5.67,4/4/2025, 6:38:13 PM
26,70,5.64,4/4/2025, 6:28:11 PM
26.12,70,5.74,4/4/2025, 6:18:09 PM
26.19,70,5.67,4/4/2025, 6:08:08 PM
26.25,70,5.74,4/4/2025, 5:58:07 PM
26.37,70,5.77,4/4/2025, 5:48:06 PM
26.44,70,5.8,4/4/2025, 5:38:03 PM
26.44,70,5.5,4/4/2025, 5:28:02 PM
26.44,70,5.5,4/4/2025, 5:18:01 PM
26.56,70,5.47,4/4/2025, 5:08:00 PM
26.75,70,5.37,4/4/2025, 4:56:58 PM
26.94,70,5.4,4/4/2025, 4:47:58 PM
27.5,70,5.37,4/4/2025, 4:28:55 PM
27.56,70,5.47,4/4/2025, 4:27:55 PM
28.38,70,5.47,4/4/2025, 4:08:52 PM
28.44,70,5.5,4/4/2025, 4:06:51 PM
28.56,70,5.47,4/4/2025, 3:58:49 PM
28.87,70,5.47,4/4/2025, 3:46:47 PM
29.12,70,5.4,4/4/2025, 3:38:45 PM
29.44,70,5.5,4/4/2025, 3:25:42 PM
29.94,70,5.5,4/4/2025, 3:12:41 PM
30,70,5.6,4/4/2025, 3:03:37 PM
30.06,70,5.5,4/4/2025, 2:58:37 PM
29.12,70,5.34,4/4/2025, 2:34:32 PM
28.75,70,5.44,4/4/2025, 2:28:30 PM
28.69,70,5.6,4/4/2025, 2:18:29 PM
28.75,70,5.64,4/4/2025, 2:08:27 PM
29.5,70,5.64,4/4/2025, 1:55:25 PM
30.31,70,5.7,4/4/2025, 1:41:20 PM
30.5,70,5.64,4/4/2025, 1:38:19 PM
31.06,70,5.84,4/4/2025, 1:28:16 PM
31.19,70,5.7,4/4/2025, 1:18:12 PM
30.81,70,5.6,4/4/2025, 1:05:07 PM
30.25,70,5.4,4/4/2025, 12:52:05 PM
30.19,70,5.64,4/4/2025, 12:31:59 PM
30.06,70,5.54,4/4/2025, 12:27:58 PM
29.87,70,5.5,4/4/2025, 12:17:56 PM
29.87,70,5.5,4/4/2025, 12:07:54 PM
29.94,70,5.44,4/4/2025, 11:57:52 AM
29.87,70,5.5,4/4/2025, 11:39:49 AM
29.81,70,5.5,4/4/2025, 11:38:49 AM
29.5,70,5.5,4/4/2025, 11:28:46 AM
29.31,70,5.64,4/4/2025, 10:52:39 AM
29.31,70,5.64,4/4/2025, 10:48:38 AM
28.81,70,5.77,4/4/2025, 10:20:35 AM
28.5,70,5.67,4/4/2025, 10:10:34 AM
28.19,70,5.84,4/4/2025, 10:04:32 AM
27.69,70,5.3,4/4/2025, 9:43:28 AM
27.56,70,5.57,4/4/2025, 9:38:27 AM
27.25,70,5.8,4/4/2025, 9:28:26 AM
26.75,70,5.77,4/4/2025, 9:18:24 AM
26.44,70,5.1,4/4/2025, 9:03:20 AM
26.31,70,5.3,4/4/2025, 8:58:19 AM
26.37,70,5.14,4/4/2025, 8:48:20 AM
26.06,70,5.14,4/4/2025, 8:38:17 AM
25.56,70,5.27,4/4/2025, 8:27:16 AM
25.06,70,5.04,4/4/2025, 8:15:14 AM
24.75,70,5.17,4/4/2025, 8:08:13 AM
24.56,70,5.24,4/4/2025, 7:58:12 AM
24.31,70,4.8,4/4/2025, 7:48:10 AM
23.94,70,5.4,4/4/2025, 7:30:09 AM
23.81,70,4.8,4/4/2025, 7:08:03 AM
23.75,70,5.27,4/4/2025, 6:58:02 AM
23.56,70,5.24,4/4/2025, 6:47:01 AM
23.44,70,5.47,4/4/2025, 6:38:00 AM
23.38,70,5.94,4/4/2025, 6:26:59 AM
23.44,70,5.97,4/4/2025, 6:17:57 AM
23.44,70,6.1,4/4/2025, 6:07:56 AM
23.5,70,6.1,4/4/2025, 5:57:55 AM
23.62,70,5.94,4/4/2025, 5:47:54 AM
23.69,70,6.2,4/4/2025, 5:37:52 AM
23.69,70,6.04,4/4/2025, 5:27:51 AM
23.75,70,6.1,4/4/2025, 5:17:50 AM
23.75,70,6.1,4/4/2025, 5:08:48 AM
23.75,70,6,4/4/2025, 4:58:47 AM
23.94,70,6.17,4/4/2025, 4:48:46 AM
24,70,6.2,4/4/2025, 4:38:44 AM
24.06,70,6.14,4/4/2025, 4:28:43 AM
24.12,70,6.04,4/4/2025, 4:18:42 AM
24.19,70,6.14,4/4/2025, 4:08:41 AM
24.25,70,6.14,4/4/2025, 3:58:41 AM
24.94,70,6.3,4/4/2025, 12:50:08 AM
24.87,70,6.27,4/4/2025, 12:48:08 AM
24.94,70,6.07,4/4/2025, 12:38:06 AM
25,70,6.07,4/4/2025, 12:28:06 AM
25.06,70,6.14,4/4/2025, 12:02:58 AM
25.5,70,6.1,4/3/2025, 11:03:46 PM
25.5,70,6.1,4/3/2025, 10:54:44 PM
25.56,70,6.17,4/3/2025, 10:48:43 PM
25.62,70,6.07,4/3/2025, 10:38:41 PM
25.69,70,6.27,4/3/2025, 10:28:40 PM
25.75,70,6.17,4/3/2025, 10:18:40 PM
25.81,70,6.17,4/3/2025, 10:08:38 PM
25.88,70,6.1,4/3/2025, 9:58:36 PM
25.94,70,6,4/3/2025, 9:48:35 PM
26,70,6.04,4/3/2025, 9:38:33 PM
26,70,6.17,4/3/2025, 9:28:32 PM
26.12,70,6.1,4/3/2025, 9:18:31 PM
26.25,70,6.14,4/3/2025, 9:08:29 PM
26.31,70,6.14,4/3/2025, 8:58:27 PM
26.31,70,6.14,4/3/2025, 8:48:26 PM
26.44,70,6.27,4/3/2025, 8:38:24 PM
26.37,70,6.24,4/3/2025, 8:28:23 PM
26.5,70,6.5,4/3/2025, 8:18:21 PM
26.62,70,4.97,4/3/2025, 8:08:19 PM
26.69,70,6.27,4/3/2025, 7:58:32 PM
26.75,70,6.17,4/3/2025, 7:48:16 PM
26.81,70,6.27,4/3/2025, 7:38:15 PM
26.87,70,6.2,4/3/2025, 7:28:12 PM
27,70,6.27,4/3/2025, 7:18:11 PM
27.06,70,6.3,4/3/2025, 7:08:08 PM
27.13,70,6.3,4/3/2025, 6:58:06 PM
27.5,70,6.34,4/3/2025, 6:41:03 PM
27.81,70,6.2,4/3/2025, 6:33:01 PM
28.31,70,6.27,4/3/2025, 6:24:58 PM
28.44,70,6.24,4/3/2025, 6:17:57 PM
28.81,70,6.27,4/3/2025, 5:46:50 PM
28.87,70,6.17,4/3/2025, 5:38:49 PM
29.25,70,6.17,4/3/2025, 5:18:44 PM
29.56,70,6.47,4/3/2025, 5:08:43 PM
30,70,6.44,4/3/2025, 4:49:39 PM
30.06,70,6.47,4/3/2025, 4:48:38 PM
30.81,70,6.3,4/3/2025, 4:22:32 PM
30.88,70,6.5,4/3/2025, 4:18:30 PM
31.12,70,6.44,4/3/2025, 4:08:29 PM
31.56,70,6.57,4/3/2025, 3:44:24 PM
31.87,70,6.57,4/3/2025, 3:33:21 PM
32.06,70,6.44,4/3/2025, 3:28:19 PM
32.25,70,6.6,4/3/2025, 3:18:16 PM
32.31,70,6.6,4/3/2025, 3:08:10 PM
32.38,70,6.67,4/3/2025, 2:58:10 PM
32.31,70,6.5,4/3/2025, 2:48:04 PM
32.25,70,6.64,4/3/2025, 2:38:01 PM
32.13,70,6.67,4/3/2025, 2:27:58 PM
31.94,70,6.8,4/3/2025, 2:17:55 PM
31.81,70,6.74,4/3/2025, 2:07:50 PM
31.75,70,6.7,4/3/2025, 1:58:47 PM
31.62,70,6.74,4/3/2025, 1:48:43 PM
31.5,70,6.84,4/3/2025, 1:36:39 PM
31.44,70,6.87,4/3/2025, 1:28:36 PM
31.5,70,6.7,4/3/2025, 1:18:33 PM
31.5,70,6.87,4/3/2025, 1:08:30 PM
31.31,70,6.9,4/3/2025, 12:58:28 PM
31,70,7,4/3/2025, 12:48:25 PM
30.62,70,6.84,4/3/2025, 12:38:21 PM
30.12,70,6.87,4/3/2025, 12:26:19 PM
29.69,70,6.87,4/3/2025, 12:16:19 PM
29.25,70,6.9,4/3/2025, 12:08:14 PM
28.31,70,6.84,4/3/2025, 11:30:05 AM
28.25,70,6.77,4/3/2025, 11:28:05 AM
27.75,70,6.87,4/3/2025, 11:13:02 AM
27.69,70,6.84,4/3/2025, 11:08:00 AM
25.56,70,4.97,4/2/2025, 7:13:33 PM
25.62,70,4.84,4/2/2025, 7:06:03 PM
25.69,70,6.67,4/2/2025, 6:58:00 PM
25.88,70,4.7,4/2/2025, 6:47:57 PM
26,70,6.47,4/2/2025, 6:37:55 PM
26.06,70,5.07,4/2/2025, 6:27:53 PM
26.19,70,4.6,4/2/2025, 6:17:51 PM
26.31,70,4.64,4/2/2025, 6:08:49 PM
26.37,70,6.64,4/2/2025, 5:57:47 PM
26.5,70,6.74,4/2/2025, 5:48:45 PM
27,70,4.9,4/2/2025, 5:26:42 PM
27.19,70,4.77,4/2/2025, 5:08:36 PM
27.31,70,6.3,4/2/2025, 4:58:35 PM
27.69,70,5.07,4/2/2025, 4:33:31 PM
27.81,70,5.24,4/2/2025, 4:28:30 PM
28.12,70,6.57,4/2/2025, 4:14:28 PM
28.25,70,6.6,4/2/2025, 4:08:27 PM
28.5,70,6.54,4/2/2025, 3:56:26 PM
28.62,70,6.54,4/2/2025, 3:48:25 PM
28.81,70,6.54,4/2/2025, 3:23:16 PM
28.81,70,6.54,4/2/2025, 3:18:15 PM
28.75,70,6.57,4/2/2025, 3:08:13 PM
28.5,70,5.54,4/2/2025, 2:41:06 PM
28.38,70,5.04,4/2/2025, 2:38:05 PM
28.19,70,5.14,4/2/2025, 2:28:02 PM
27.94,70,4.84,4/2/2025, 2:14:58 PM
27.94,70,5.5,4/2/2025, 2:07:57 PM
28,70,6.47,4/2/2025, 1:57:55 PM
28.19,70,6.44,4/2/2025, 1:47:54 PM
28.62,70,6.4,4/2/2025, 1:37:52 PM
29.06,70,6.2,4/2/2025, 1:22:48 PM
29.25,70,6.04,4/2/2025, 1:18:36 PM
29.87,70,6.2,4/2/2025, 1:07:44 PM
30.62,70,6.27,4/2/2025, 12:56:41 PM
30.81,70,6.44,4/2/2025, 12:40:35 PM
30.81,70,6.44,4/2/2025, 12:38:35 PM
30.94,70,6.44,4/2/2025, 12:28:33 PM
30.69,70,6.54,4/2/2025, 12:18:28 PM
30.44,70,5.54,4/2/2025, 12:05:23 PM
30.06,70,6.7,4/2/2025, 11:49:17 AM
30.06,70,6.7,4/2/2025, 11:48:16 AM
29.87,70,6.57,4/2/2025, 11:38:14 AM
28.94,70,6.84,4/2/2025, 11:03:04 AM
28.81,70,6.77,4/2/2025, 10:58:03 AM
27.81,70,6.97,4/2/2025, 10:41:58 AM
27.44,70,6.84,4/2/2025, 10:35:56 AM
27.37,70,7.1,4/2/2025, 10:27:55 AM
23.62,70,6.94,4/2/2025, 7:47:15 AM
23.87,70,6.4,4/1/2025, 9:46:31 PM
23.87,70,6.37,4/1/2025, 9:33:27 PM
28.25,70,4.9,4/1/2025, 1:05:58 PM
28.31,70,4.9,4/1/2025, 12:56:55 PM
27.81,70,4.87,4/1/2025, 12:41:52 PM
27.75,70,4.84,4/1/2025, 12:37:51 PM
27.56,70,4.84,4/1/2025, 12:28:49 PM
27.56,70,4.97,4/1/2025, 12:06:46 PM
27.13,70,4.8,4/1/2025, 11:58:45 AM
27.13,70,4.87,4/1/2025, 11:48:41 AM
27.19,70,4.54,4/1/2025, 11:36:38 AM
27.06,70,5.47,4/1/2025, 11:27:36 AM
26.87,70,4.97,4/1/2025, 11:17:34 AM
26.62,70,4.94,4/1/2025, 11:05:30 AM
26.44,70,4.97,4/1/2025, 10:58:27 AM
26.44,70,5.04,4/1/2025, 10:47:25 AM
26.25,70,4.87,4/1/2025, 10:35:24 AM
26.06,70,5.04,4/1/2025, 10:25:21 AM
25.88,70,5.04,4/1/2025, 10:18:19 AM
25.62,70,5.07,4/1/2025, 10:06:17 AM
25.5,70,5,4/1/2025, 9:58:14 AM
25.31,70,5,4/1/2025, 9:48:15 AM
24.81,70,4.94,4/1/2025, 9:32:09 AM
24.69,70,5.07,4/1/2025, 9:27:07 AM
24.44,70,5.14,4/1/2025, 9:17:05 AM
24.25,70,5.2,4/1/2025, 9:07:03 AM
24,70,5.2,4/1/2025, 8:58:02 AM
23.75,70,5.27,4/1/2025, 8:47:00 AM
23.56,70,5.14,4/1/2025, 8:37:58 AM
23.5,70,5.14,4/1/2025, 8:26:56 AM
23.38,70,5.1,4/1/2025, 8:16:54 AM
23,70,5.04,4/1/2025, 8:01:51 AM
23.25,70,4.87,4/1/2025, 7:56:50 AM
23.12,70,5.17,4/1/2025, 7:48:50 AM
22.94,70,5.07,4/1/2025, 7:34:47 AM
22.81,70,5.24,4/1/2025, 7:25:45 AM
22.87,70,5.24,4/1/2025, 7:18:44 AM
22.62,70,5.24,4/1/2025, 7:01:41 AM
22.62,70,5.3,4/1/2025, 6:58:40 AM
22.5,70,5.17,4/1/2025, 6:47:40 AM
22.19,70,5.2,4/1/2025, 6:38:38 AM
22,70,5.27,4/1/2025, 6:28:38 AM
21.94,70,5.27,4/1/2025, 6:14:35 AM
21.87,70,5.3,4/1/2025, 6:08:35 AM
21.87,70,5.34,4/1/2025, 5:58:34 AM
21.94,70,5.17,4/1/2025, 5:48:32 AM
21.87,70,5.4,4/1/2025, 5:38:31 AM
21.81,70,5.3,4/1/2025, 5:28:29 AM
21.94,70,5.44,4/1/2025, 5:11:25 AM
21.94,70,5.44,4/1/2025, 5:08:24 AM
21.94,70,5.34,4/1/2025, 4:58:22 AM
22.06,70,5.34,4/1/2025, 4:48:21 AM
22.06,70,5.34,4/1/2025, 4:38:20 AM
22.13,70,5.3,4/1/2025, 4:28:16 AM
22.19,70,5.44,4/1/2025, 4:18:16 AM
22.25,70,5.34,4/1/2025, 3:24:10 AM
22.31,70,5.37,4/1/2025, 3:18:10 AM
22.25,70,5.44,4/1/2025, 3:08:08 AM
22.37,70,5.24,4/1/2025, 2:58:07 AM
22.5,70,5.4,4/1/2025, 2:47:04 AM
22.5,70,5.34,4/1/2025, 2:38:03 AM
22.44,70,5.37,4/1/2025, 2:28:00 AM
22.62,70,5.5,4/1/2025, 2:16:59 AM
22.94,70,5.44,4/1/2025, 2:06:56 AM
22.87,70,5.57,4/1/2025, 1:55:56 AM
22.94,70,5.47,4/1/2025, 1:46:55 AM
23.12,70,5.37,4/1/2025, 1:27:52 AM
23.25,70,5.14,4/1/2025, 12:56:46 AM
23.31,70,5.44,4/1/2025, 12:47:43 AM
23.38,70,5.6,4/1/2025, 12:38:42 AM
23.38,70,5.4,4/1/2025, 12:27:40 AM
23.44,70,5.47,4/1/2025, 12:14:37 AM
23.44,70,5.5,4/1/2025, 12:08:36 AM
23.44,70,5.8,3/31/2025, 11:58:34 PM
23.56,70,5.57,3/31/2025, 11:47:32 PM
23.69,70,5.64,3/31/2025, 11:38:32 PM
23.75,70,5.54,3/31/2025, 11:28:28 PM
23.81,70,5.57,3/31/2025, 11:17:25 PM
23.87,70,5.5,3/31/2025, 11:08:22 PM
23.81,70,5.4,3/31/2025, 10:53:19 PM
23.94,70,5.47,3/31/2025, 10:39:17 PM
24,70,5.57,3/31/2025, 10:36:17 PM
24.12,70,5.57,3/31/2025, 10:26:14 PM
24.31,70,5.4,3/31/2025, 10:12:13 PM
24.25,70,5.37,3/31/2025, 10:04:09 PM
24.19,70,5.57,3/31/2025, 9:54:08 PM
24.12,70,5.27,3/31/2025, 9:45:07 PM
24.37,70,5.37,3/31/2025, 9:37:04 PM
24.44,70,5.5,3/31/2025, 9:28:02 PM
24.44,70,5.34,3/31/2025, 9:18:00 PM
24.56,70,5.37,3/31/2025, 9:07:59 PM
24.5,70,5.47,3/31/2025, 8:49:54 PM
24.56,70,5.57,3/31/2025, 8:46:55 PM
24.5,70,5.54,3/31/2025, 8:36:52 PM
24.56,70,5.5,3/31/2025, 8:27:49 PM
24.56,70,5.47,3/31/2025, 8:18:48 PM
24.87,70,5.44,3/31/2025, 7:59:42 PM
24.87,70,5.4,3/31/2025, 7:58:43 PM
25.06,70,5.5,3/31/2025, 7:44:40 PM
25.19,70,5.44,3/31/2025, 7:37:39 PM
25.31,70,5.47,3/31/2025, 7:27:36 PM
25.37,70,5.37,3/31/2025, 7:12:32 PM
25.56,70,5.47,3/31/2025, 7:07:30 PM
25.69,70,5.37,3/31/2025, 6:55:26 PM
25.88,70,5.27,3/31/2025, 6:48:25 PM
26.06,70,6.1,3/31/2025, 6:37:23 PM
26.12,70,5,3/31/2025, 6:28:20 PM
26.19,70,3.31,3/31/2025, 6:18:19 PM
26.75,70,5.2,3/31/2025, 5:51:14 PM
26.81,70,6.07,3/31/2025, 5:46:15 PM
26.87,70,5.2,3/31/2025, 5:37:11 PM
26.87,70,5.14,3/31/2025, 5:28:09 PM
27.06,70,5.4,3/31/2025, 5:18:05 PM
27.13,70,5.27,3/31/2025, 5:06:02 PM
27.13,70,5.4,3/31/2025, 4:57:59 PM
27.19,70,5.04,3/31/2025, 4:45:58 PM
27.5,70,5.2,3/31/2025, 4:01:50 PM
27.56,70,5.14,3/31/2025, 3:52:47 PM
27.56,70,5.17,3/31/2025, 3:48:45 PM
27.69,70,5.17,3/31/2025, 3:38:43 PM
27.69,70,5.24,3/31/2025, 3:28:39 PM
27.81,70,5.2,3/31/2025, 3:16:36 PM
27.75,70,5.3,3/31/2025, 3:08:35 PM
27.75,70,5.14,3/31/2025, 2:58:31 PM
27.69,70,5.27,3/31/2025, 2:45:29 PM
27.69,70,5.3,3/31/2025, 2:37:28 PM
27.62,70,5.1,3/31/2025, 2:28:26 PM
27.69,70,5.14,3/31/2025, 2:18:22 PM
27.69,70,5.14,3/31/2025, 2:08:20 PM
27.75,70,5.17,3/31/2025, 1:58:17 PM
27.87,70,5.14,3/31/2025, 1:48:14 PM
28,70,5.17,3/31/2025, 1:37:11 PM
28.25,70,5.2,3/31/2025, 1:22:08 PM
28.31,70,5.07,3/31/2025, 1:15:06 PM
28.38,70,5.1,3/31/2025, 1:08:02 PM
28.56,70,5.1,3/31/2025, 12:56:59 PM
28.75,70,5.04,3/31/2025, 12:47:57 PM
29,70,5.04,3/31/2025, 12:36:51 PM
29.44,70,5.14,3/31/2025, 12:21:49 PM
29.56,70,5.14,3/31/2025, 12:17:49 PM
29.63,70,5.04,3/31/2025, 12:06:45 PM
29.44,70,5.07,3/31/2025, 11:58:40 AM
29.19,70,5.07,3/31/2025, 11:47:37 AM
28.94,70,5.1,3/31/2025, 11:37:33 AM
28.87,70,5.14,3/31/2025, 11:28:31 AM
28.62,70,5,3/31/2025, 11:16:32 AM
28.38,70,5.1,3/31/2025, 11:07:26 AM
28.12,70,5.3,3/31/2025, 10:56:22 AM
27.94,70,5.17,3/31/2025, 10:47:19 AM
27.62,70,5.3,3/31/2025, 10:35:18 AM
27.37,70,5.24,3/31/2025, 10:21:14 AM
27.37,70,5.24,3/31/2025, 10:18:14 AM
27.31,70,5.27,3/31/2025, 10:07:12 AM
27.19,70,5.14,3/31/2025, 9:58:09 AM
26.94,70,5.3,3/31/2025, 9:48:08 AM
26.69,70,5.4,3/31/2025, 9:33:05 AM
26.69,70,3.44,3/31/2025, 9:28:02 AM
26.56,70,5.24,3/31/2025, 9:16:59 AM
26.37,70,5.3,3/31/2025, 9:06:57 AM
26.12,70,5.37,3/31/2025, 8:57:55 AM
25.56,70,5.47,3/31/2025, 8:35:53 AM
25.37,70,5.44,3/31/2025, 8:25:50 AM
24.81,70,5.4,3/31/2025, 7:57:45 AM
24.63,70,5.47,3/31/2025, 7:47:43 AM
24.5,70,5.47,3/31/2025, 7:34:41 AM
24.31,70,5.4,3/31/2025, 7:25:38 AM
24.25,70,5.5,3/31/2025, 7:18:37 AM
24.06,70,5.57,3/31/2025, 7:08:35 AM
23.94,70,5.34,3/31/2025, 6:58:32 AM
23.75,70,5.47,3/31/2025, 6:46:30 AM
23.69,70,5.54,3/31/2025, 6:38:28 AM
23.5,70,5.44,3/31/2025, 6:28:27 AM
23.38,70,5.5,3/31/2025, 6:18:26 AM
23.44,70,5.4,3/31/2025, 6:08:23 AM
23.5,70,5.57,3/31/2025, 5:55:22 AM
23.56,70,5.57,3/31/2025, 5:48:20 AM
23.69,70,5.57,3/31/2025, 5:35:19 AM
23.81,70,5.44,3/31/2025, 5:25:17 AM
23.81,70,5.5,3/31/2025, 5:18:16 AM
23.81,70,5.47,3/31/2025, 4:50:12 AM
23.81,70,5.57,3/31/2025, 4:48:13 AM
23.81,70,5.6,3/31/2025, 4:37:12 AM
23.94,70,5.57,3/31/2025, 4:28:10 AM
23.94,70,5.54,3/31/2025, 4:18:08 AM
23.87,70,5.64,3/31/2025, 4:08:06 AM
23.81,70,5.57,3/31/2025, 3:58:03 AM
23.87,70,5.6,3/31/2025, 3:48:02 AM
24.06,70,5.54,3/31/2025, 3:37:59 AM
24,70,5.6,3/31/2025, 3:27:58 AM
24.06,70,5.6,3/31/2025, 3:17:55 AM
24,70,5.57,3/31/2025, 3:07:51 AM
24.06,70,5.44,3/31/2025, 2:57:50 AM
24.06,70,5.6,3/31/2025, 2:48:48 AM
24.12,70,5.64,3/31/2025, 2:36:47 AM
24.19,70,5.57,3/31/2025, 2:18:43 AM
24.19,70,5.47,3/31/2025, 2:08:40 AM
24.25,70,5.7,3/31/2025, 1:57:38 AM
24.12,70,5.57,3/31/2025, 1:48:36 AM
24.25,70,5.64,3/31/2025, 1:38:34 AM
24.31,70,5.6,3/31/2025, 1:28:33 AM
24.37,70,5.57,3/31/2025, 1:17:32 AM
24.37,70,5.57,3/31/2025, 1:08:29 AM
24.37,70,5.57,3/31/2025, 12:57:27 AM
24.37,70,5.64,3/31/2025, 12:48:24 AM
24.31,70,5.44,3/31/2025, 12:36:21 AM
24.44,70,5.54,3/31/2025, 12:25:20 AM
24.37,70,5.6,3/31/2025, 12:16:20 AM
24.44,70,5.64,3/31/2025, 12:08:17 AM
24.37,70,5.6,3/30/2025, 11:58:15 PM
24.56,70,5.64,3/30/2025, 11:47:12 PM
24.69,70,5.7,3/30/2025, 11:38:10 PM
24.75,70,5.64,3/30/2025, 11:27:09 PM
24.69,70,5.54,3/30/2025, 11:16:06 PM
24.81,70,5.57,3/30/2025, 11:05:03 PM
24.87,70,5.6,3/30/2025, 10:57:02 PM
24.94,70,5.57,3/30/2025, 10:47:58 PM
25,70,5.67,3/30/2025, 10:37:56 PM
25.12,70,5.57,3/30/2025, 10:26:53 PM
25.19,70,5.7,3/30/2025, 10:17:53 PM
25.25,70,5.57,3/30/2025, 10:08:51 PM
25.37,70,5.64,3/30/2025, 9:54:48 PM
25.44,70,5.67,3/30/2025, 9:47:48 PM
25.56,70,5.67,3/30/2025, 9:38:43 PM
25.56,70,5.7,3/30/2025, 9:28:42 PM
25.75,70,5.67,3/30/2025, 9:06:02 PM
25.81,70,5.57,3/30/2025, 8:56:59 PM
25.81,70,5.67,3/30/2025, 8:47:58 PM
25.94,70,5.74,3/30/2025, 8:33:53 PM
26.12,70,5.7,3/30/2025, 8:23:51 PM
26.12,70,5.64,3/30/2025, 8:17:50 PM
26.31,70,5.64,3/30/2025, 8:08:49 PM
26.5,70,5.57,3/30/2025, 7:26:41 PM
26.56,70,5.64,3/30/2025, 7:18:39 PM
26.62,70,5.54,3/30/2025, 6:59:36 PM
26.75,70,5.57,3/30/2025, 6:56:36 PM
26.81,70,5.57,3/30/2025, 6:47:31 PM
27,70,5.54,3/30/2025, 6:34:31 PM
27.13,70,5.57,3/30/2025, 6:24:29 PM
27.25,70,5.67,3/30/2025, 6:17:30 PM
27.5,70,5.57,3/30/2025, 5:54:22 PM
27.56,70,5.57,3/30/2025, 5:48:19 PM
27.69,70,5.64,3/30/2025, 5:37:20 PM
27.81,70,5.74,3/30/2025, 5:22:13 PM
27.87,70,5.57,3/30/2025, 5:18:12 PM
28,70,5.7,3/30/2025, 5:07:09 PM
28.06,70,5.7,3/30/2025, 4:57:07 PM
28.31,70,5.74,3/30/2025, 4:41:03 PM
28.38,70,5.54,3/30/2025, 4:37:02 PM
28.5,70,5.77,3/30/2025, 4:26:02 PM
28.56,70,5.34,3/30/2025, 4:17:59 PM
28.56,70,5.74,3/30/2025, 4:07:58 PM
28.69,70,5.84,3/30/2025, 3:22:47 PM
28.75,70,5.84,3/30/2025, 3:18:45 PM
28.75,70,5.8,3/30/2025, 3:07:42 PM
28.75,70,5.84,3/30/2025, 2:56:42 PM
28.81,70,5.84,3/30/2025, 2:47:39 PM
28.81,70,5.94,3/30/2025, 2:38:47 PM
28.87,70,5.87,3/30/2025, 2:26:31 PM
28.94,70,5.8,3/30/2025, 2:18:30 PM
29.12,70,5.9,3/30/2025, 2:06:29 PM
29.12,70,5.84,3/30/2025, 1:57:23 PM
29.25,70,6.04,3/30/2025, 1:48:21 PM
29.12,70,5.87,3/30/2025, 1:38:18 PM
29.06,70,5.9,3/30/2025, 1:27:14 PM
28.94,70,5.97,3/30/2025, 1:18:11 PM
28.44,70,5.84,3/30/2025, 12:59:07 PM
28.44,70,5.97,3/30/2025, 12:57:08 PM
28.31,70,5.97,3/30/2025, 12:46:03 PM
28.12,70,6,3/30/2025, 12:37:00 PM
28,70,5.94,3/30/2025, 12:27:58 PM
27.69,70,6,3/30/2025, 12:11:56 PM
27.69,70,5.97,3/30/2025, 12:07:53 PM
27.56,70,5.97,3/30/2025, 11:56:51 AM
27.37,70,5.97,3/30/2025, 11:47:51 AM
27.37,70,6.04,3/30/2025, 11:38:47 AM
27.19,70,6.07,3/30/2025, 11:26:45 AM
27.13,70,6.1,3/30/2025, 11:17:43 AM
26.81,70,6.07,3/30/2025, 11:08:40 AM
26.5,70,6.24,3/30/2025, 10:58:40 AM
26.19,70,6.14,3/30/2025, 10:39:38 AM
26.25,70,6.04,3/30/2025, 10:36:37 AM
26,70,5.97,3/30/2025, 10:26:34 AM
25.75,70,6.07,3/30/2025, 10:18:34 AM
25.25,70,5.6,3/30/2025, 10:08:31 AM
25.25,70,5.94,3/30/2025, 9:58:34 AM
25.19,70,6.1,3/30/2025, 9:48:27 AM
24.87,70,6.37,3/30/2025, 9:38:24 AM
24.37,70,5.84,3/30/2025, 9:21:22 AM
24.31,70,6,3/30/2025, 9:18:21 AM
24.12,70,5.97,3/30/2025, 9:07:17 AM
23.81,70,5.77,3/30/2025, 8:56:17 AM
23.56,70,5.94,3/30/2025, 8:46:14 AM
23.38,70,5.64,3/30/2025, 8:36:12 AM
23.38,70,5.94,3/30/2025, 8:26:11 AM
23.12,70,5.7,3/30/2025, 8:15:09 AM
23.06,70,5.7,3/30/2025, 8:05:06 AM
22.94,70,5.77,3/30/2025, 7:54:05 AM
22.81,70,5.57,3/30/2025, 7:48:03 AM
22.62,70,5.6,3/30/2025, 7:35:01 AM
22.5,70,5.57,3/30/2025, 7:27:00 AM
22.25,70,5.47,3/30/2025, 7:17:57 AM
22,70,5.54,3/30/2025, 7:07:55 AM
21.94,70,5.3,3/30/2025, 6:57:54 AM
21.94,70,5.34,3/30/2025, 6:44:51 AM
21.87,70,5.3,3/30/2025, 6:37:51 AM
21.81,70,5.2,3/30/2025, 6:28:49 AM
21.62,70,4.87,3/30/2025, 6:14:48 AM
21.37,70,4.84,3/30/2025, 6:08:46 AM
21.56,70,4.94,3/30/2025, 5:58:44 AM
21.75,70,5.07,3/30/2025, 5:48:43 AM
22.87,70,4.97,3/30/2025, 5:34:41 AM
22.87,70,5.27,3/30/2025, 5:28:40 AM
22.75,70,5.14,3/30/2025, 5:17:39 AM
22.75,70,5.3,3/30/2025, 5:08:39 AM
25.62,70,5.5,3/29/2025, 4:20:32 AM
25.62,70,5.7,3/29/2025, 4:18:32 AM
25.69,70,5.77,3/29/2025, 4:08:29 AM
25.69,70,5.8,3/29/2025, 3:58:27 AM
25.69,70,5.7,3/29/2025, 3:48:26 AM
26.12,70,6.04,3/29/2025, 1:55:10 AM
26.12,70,5.84,3/29/2025, 1:48:09 AM
26.12,70,5.74,3/29/2025, 1:38:07 AM
26.19,70,5.7,3/29/2025, 1:28:05 AM
26.19,70,5.94,3/29/2025, 1:18:03 AM
26.25,70,5.97,3/29/2025, 1:08:02 AM
26.25,70,5.84,3/29/2025, 12:58:01 AM
26.31,70,5.7,3/29/2025, 12:48:02 AM
26.31,70,5.8,3/29/2025, 12:37:56 AM
26.37,70,5.94,3/29/2025, 12:27:55 AM
26.44,70,5.9,3/29/2025, 12:17:54 AM
26.44,70,5.87,3/29/2025, 12:07:53 AM
26.5,70,5.8,3/28/2025, 11:57:52 PM
26.81,70,5.94,3/28/2025, 10:13:37 PM
26.87,70,5.97,3/28/2025, 10:08:36 PM
26.87,70,5.97,3/28/2025, 9:58:34 PM
26.94,70,6,3/28/2025, 9:48:33 PM
26.94,70,6.27,3/28/2025, 9:38:31 PM
27,70,6.14,3/28/2025, 9:28:29 PM
27.06,70,6.2,3/28/2025, 9:18:26 PM
27.06,70,6.3,3/28/2025, 9:08:24 PM
27.06,70,6.3,3/28/2025, 8:58:23 PM
27.37,70,5.97,3/28/2025, 7:26:08 PM
27.37,70,6.3,3/28/2025, 7:18:06 PM
27.44,70,6.34,3/28/2025, 7:08:05 PM
27.5,70,6.1,3/28/2025, 6:58:03 PM
27.5,70,6.37,3/28/2025, 6:48:02 PM
27.56,70,6.34,3/28/2025, 6:38:00 PM
27.56,70,6.44,3/28/2025, 6:27:57 PM
27.69,70,6.1,3/28/2025, 6:05:54 PM
27.75,70,6.37,3/28/2025, 5:57:54 PM
27.81,70,6.27,3/28/2025, 5:47:52 PM
27.81,70,6.07,3/28/2025, 5:37:51 PM
27.81,70,6.37,3/28/2025, 5:28:49 PM
27.87,70,6.14,3/28/2025, 5:18:48 PM
27.87,70,6.24,3/28/2025, 4:36:34 PM
27.94,70,6.37,3/28/2025, 4:28:32 PM
27.87,70,6.07,3/28/2025, 4:18:31 PM
27.94,70,6.4,3/28/2025, 4:08:30 PM
27.87,70,6.37,3/28/2025, 3:32:21 PM
27.81,70,6.2,3/28/2025, 3:28:19 PM
27.81,70,6.5,3/28/2025, 3:18:18 PM
27.81,70,6.3,3/28/2025, 3:08:17 PM
27.69,70,6.64,3/28/2025, 2:48:14 PM
27.69,70,6.6,3/28/2025, 2:38:11 PM
27.94,70,7.67,3/28/2025, 2:27:33 PM
24.94,69,4.37,3/28/2025, 4:25:00 AM
24.94,69,4.34,3/28/2025, 4:16:58 AM
24.94,69,3.97,3/28/2025, 4:07:53 AM
24.94,69,4.34,3/28/2025, 3:58:49 AM
24.94,69,4.4,3/28/2025, 3:48:47 AM
24.94,69,4.37,3/28/2025, 3:38:43 AM
24.94,69,4.37,3/28/2025, 3:27:39 AM
25,69,3.94,3/28/2025, 3:18:34 AM
25.06,69,3.97,3/28/2025, 3:08:30 AM
25.12,69,4.1,3/28/2025, 2:58:26 AM
25.19,69,4.2,3/28/2025, 2:48:22 AM
25.19,69,4.24,3/28/2025, 2:38:18 AM
25.19,69,4.14,3/28/2025, 2:28:14 AM
25.19,69,4.17,3/28/2025, 2:18:09 AM
25.19,69,3.94,3/28/2025, 2:08:05 AM
25.19,70,4.14,3/28/2025, 1:58:01 AM
25.19,69,4.24,3/28/2025, 1:47:56 AM
25.19,69,4.24,3/28/2025, 1:37:52 AM
25.19,69,4.2,3/28/2025, 1:28:48 AM
25.25,69,3.97,3/28/2025, 1:18:44 AM
25.25,69,4.24,3/28/2025, 1:08:39 AM
25.31,69,4.07,3/28/2025, 12:58:35 AM
25.31,69,4.1,3/28/2025, 12:48:30 AM
25.37,68,4.44,3/28/2025, 12:38:26 AM
25.37,68,4.57,3/28/2025, 12:28:22 AM
25.44,69,4.6,3/28/2025, 12:18:17 AM
25.5,68,4.94,3/28/2025, 12:08:12 AM
25.56,69,4.94,3/27/2025, 11:58:08 PM
25.56,68,5.04,3/27/2025, 11:48:03 PM
25.56,68,5.04,3/27/2025, 11:38:00 PM
25.62,68,5.07,3/27/2025, 11:27:56 PM
25.62,68,5.04,3/27/2025, 11:17:52 PM
25.69,68,4.9,3/27/2025, 11:08:49 PM
25.62,68,5.17,3/27/2025, 10:58:44 PM
25.62,68,5.04,3/27/2025, 10:48:40 PM
25.69,68,5.3,3/27/2025, 10:38:37 PM
25.75,68,5.14,3/27/2025, 10:28:32 PM
25.88,68,5.3,3/27/2025, 10:18:28 PM
25.94,68,5.1,3/27/2025, 10:08:23 PM
26,68,5.47,3/27/2025, 9:58:20 PM
26,68,5.07,3/27/2025, 9:48:15 PM
26,69,5.14,3/27/2025, 9:38:11 PM
26,69,5.04,3/27/2025, 9:28:07 PM
26.06,68,5.14,3/27/2025, 9:18:03 PM
26.12,69,5.04,3/27/2025, 9:07:58 PM
26.25,68,5.27,3/27/2025, 8:57:54 PM
26.25,68,5.3,3/27/2025, 8:47:50 PM
26.25,68,5.34,3/27/2025, 8:38:46 PM
26.31,68,5.3,3/27/2025, 8:28:41 PM
26.37,68,5.04,3/27/2025, 8:18:37 PM
26.37,68,5.17,3/27/2025, 8:08:32 PM
26.44,68,5.17,3/27/2025, 7:58:29 PM
26.5,69,5.3,3/27/2025, 7:48:24 PM
26.56,69,5.34,3/27/2025, 7:38:20 PM
26.62,69,5.24,3/27/2025, 7:28:16 PM
26.75,68,5.3,3/27/2025, 7:18:12 PM
26.81,68,5.27,3/27/2025, 7:08:08 PM
26.87,69,5,3/27/2025, 6:58:04 PM
27,69,5.17,3/27/2025, 6:48:00 PM
27.06,69,5.2,3/27/2025, 6:37:56 PM
27.13,69,5.3,3/27/2025, 6:27:53 PM
27.19,69,5.04,3/27/2025, 6:18:49 PM
27.25,69,5.04,3/27/2025, 6:08:46 PM
27.31,69,5.3,3/27/2025, 5:58:42 PM
27.31,69,5.3,3/27/2025, 5:48:38 PM
27.37,69,5.17,3/27/2025, 5:38:34 PM
27.44,70,5.04,3/27/2025, 5:28:30 PM
27.5,69,5.04,3/27/2025, 5:18:26 PM
27.5,69,5.27,3/27/2025, 5:08:22 PM
27.56,70,5.17,3/27/2025, 4:58:18 PM
27.56,70,5.3,3/27/2025, 4:48:14 PM
27.62,70,5.17,3/27/2025, 4:38:11 PM
27.69,70,5.44,3/27/2025, 4:28:07 PM
27.75,70,5.57,3/27/2025, 4:18:03 PM
27.94,70,5.67,3/27/2025, 4:07:59 PM
28.06,70,5.6,3/27/2025, 3:57:55 PM
28.31,69,5.34,3/27/2025, 3:47:52 PM
28.38,69,5.1,3/27/2025, 3:38:49 PM
28.56,69,5.1,3/27/2025, 3:28:45 PM
28.75,69,5.14,3/27/2025, 3:18:42 PM
29.06,68,4.87,3/27/2025, 3:08:39 PM
29.56,68,5,3/27/2025, 2:58:35 PM
29.87,66,4.8,3/27/2025, 2:48:32 PM
30.19,66,5.67,3/27/2025, 2:38:28 PM
30.44,66,5.07,3/27/2025, 2:28:25 PM
30.56,66,5.2,3/27/2025, 2:18:21 PM
30.56,66,5.07,3/27/2025, 2:08:18 PM
30.75,66,5.04,3/27/2025, 1:58:14 PM
30.81,65,4.97,3/27/2025, 1:48:11 PM
30.69,65,5.04,3/27/2025, 1:38:07 PM
30.5,64,5,3/27/2025, 1:28:04 PM
30.5,64,5,3/27/2025, 1:18:01 PM
30.37,64,4.94,3/27/2025, 1:07:58 PM
30.19,65,5.04,3/27/2025, 12:57:54 PM
30.06,66,5.24,3/27/2025, 12:47:51 PM
29.94,66,5.17,3/27/2025, 12:38:47 PM
29.81,65,5.1,3/27/2025, 12:28:43 PM
29.69,65,5.37,3/27/2025, 12:18:39 PM
29.37,65,5.3,3/27/2025, 12:08:36 PM
29.06,65,5.07,3/27/2025, 11:58:32 AM
28.81,65,5.37,3/27/2025, 11:48:29 AM
28.44,65,5.27,3/27/2025, 11:38:26 AM
28.19,67,5.5,3/27/2025, 11:28:22 AM
27.87,66,5.5,3/27/2025, 11:18:18 AM
27.75,66,5.57,3/27/2025, 11:08:15 AM
27.69,65,5.44,3/27/2025, 10:58:11 AM
27.56,66,5.67,3/27/2025, 10:48:07 AM
27.31,66,5.04,3/27/2025, 10:38:02 AM
27,66,5.84,3/27/2025, 10:27:59 AM
26.75,66,5.97,3/27/2025, 10:17:54 AM
26.56,66,6.3,3/27/2025, 10:07:50 AM
26.37,66,5.84,3/27/2025, 9:58:47 AM
26.25,66,6.04,3/27/2025, 9:48:43 AM
26.12,66,5.84,3/27/2025, 9:38:39 AM
25.94,67,6.04,3/27/2025, 9:28:35 AM
25.81,67,5.77,3/27/2025, 9:18:31 AM
25.69,68,5.84,3/27/2025, 9:08:26 AM
25.56,69,5.74,3/27/2025, 8:58:21 AM
25.44,70,5.44,3/27/2025, 8:48:17 AM
25.31,70,5.67,3/27/2025, 8:38:12 AM
25.12,70,5.6,3/27/2025, 8:28:07 AM
24.94,70,5.34,3/27/2025, 8:18:03 AM
24.81,70,5.14,3/27/2025, 8:08:00 AM
24.63,70,5.27,3/27/2025, 7:57:55 AM
24.5,70,5.47,3/27/2025, 7:47:51 AM
24.37,70,4.67,3/27/2025, 7:38:47 AM
24.19,70,5.2,3/27/2025, 7:28:42 AM
23.94,70,5,3/27/2025, 7:17:38 AM
23.87,70,4.94,3/27/2025, 7:08:33 AM
23.75,70,4.54,3/27/2025, 6:58:28 AM
23.62,70,4.77,3/27/2025, 6:48:24 AM
23.56,70,5.14,3/27/2025, 6:38:21 AM
23.56,70,6.34,3/27/2025, 6:28:16 AM
23.56,70,6.2,3/27/2025, 6:18:11 AM
23.56,70,6.2,3/27/2025, 6:08:07 AM
23.62,70,6.54,3/27/2025, 5:58:02 AM
23.69,70,6.2,3/27/2025, 5:47:59 AM
23.75,70,6.17,3/27/2025, 5:37:54 AM
23.87,70,6.4,3/27/2025, 5:27:50 AM
23.94,70,6.2,3/27/2025, 5:18:46 AM
23.94,70,5.97,3/27/2025, 5:08:42 AM
23.94,70,6.17,3/27/2025, 4:58:37 AM
24.06,70,6.3,3/27/2025, 4:48:33 AM
24.06,70,6.37,3/27/2025, 4:38:28 AM
24.06,70,6.2,3/27/2025, 4:28:24 AM
24.12,70,5.97,3/27/2025, 4:18:19 AM
24.19,70,5.9,3/27/2025, 4:08:14 AM
24.25,70,6.2,3/27/2025, 3:58:09 AM
24.31,70,6.17,3/27/2025, 3:48:05 AM
24.37,70,6.24,3/27/2025, 3:38:00 AM
24.37,70,6.44,3/27/2025, 3:27:56 AM
24.44,70,6.47,3/27/2025, 3:17:52 AM
24.5,70,6.37,3/27/2025, 3:08:48 AM
24.63,70,6.17,3/27/2025, 2:58:43 AM
24.69,70,6.1,3/27/2025, 2:48:39 AM
24.75,70,6.1,3/27/2025, 2:38:34 AM
24.81,70,6.24,3/27/2025, 2:28:29 AM
24.87,70,6.4,3/27/2025, 2:18:25 AM
24.94,70,6.34,3/27/2025, 2:08:21 AM
25,70,6.34,3/27/2025, 1:58:16 AM
25.06,70,6.37,3/27/2025, 1:48:12 AM
25.12,70,6.2,3/27/2025, 1:38:07 AM
25.19,69,6.47,3/27/2025, 1:28:03 AM
25.25,69,6.4,3/27/2025, 1:17:59 AM
25.31,69,6.24,3/27/2025, 1:07:55 AM
25.37,69,6.4,3/27/2025, 12:57:50 AM
25.44,69,6.1,3/27/2025, 12:47:45 AM
25.5,69,6.27,3/27/2025, 12:38:42 AM
25.56,69,6.44,3/27/2025, 12:28:38 AM
25.62,69,6.4,3/27/2025, 12:18:34 AM
25.75,69,6.37,3/27/2025, 12:08:29 AM
25.75,69,6.24,3/26/2025, 11:58:25 PM
25.81,69,6.24,3/26/2025, 11:48:22 PM
25.88,67,6.37,3/26/2025, 11:38:17 PM
25.94,67,6.27,3/26/2025, 11:28:13 PM
26,67,6.24,3/26/2025, 11:18:08 PM
26.06,67,6.54,3/26/2025, 11:08:05 PM
26.12,67,6.4,3/26/2025, 10:58:01 PM
26.12,67,6.17,3/26/2025, 10:47:57 PM
26.19,67,6.24,3/26/2025, 10:37:52 PM
26.25,67,6.3,3/26/2025, 10:28:48 PM
26.31,67,6.24,3/26/2025, 10:18:43 PM
26.37,67,6.34,3/26/2025, 10:08:39 PM
26.44,67,6.14,3/26/2025, 9:58:35 PM
26.5,67,6.37,3/26/2025, 9:48:30 PM
26.62,67,6.17,3/26/2025, 9:38:26 PM
26.62,67,6.27,3/26/2025, 9:28:22 PM
26.69,67,6.37,3/26/2025, 9:18:17 PM
26.69,67,6.1,3/26/2025, 9:08:14 PM
26.75,67,6.37,3/26/2025, 8:58:09 PM
26.87,67,6.17,3/26/2025, 8:48:05 PM
26.87,67,6.1,3/26/2025, 8:38:01 PM
26.94,67,6.1,3/26/2025, 8:27:56 PM
27,67,6.07,3/26/2025, 8:17:52 PM
27.06,67,6.3,3/26/2025, 8:08:49 PM
27.13,66,6.3,3/26/2025, 7:58:44 PM
27.19,67,6.27,3/26/2025, 7:48:40 PM
27.25,66,6.2,3/26/2025, 7:38:38 PM
27.31,67,6.47,3/26/2025, 7:28:33 PM
27.37,67,6.1,3/26/2025, 7:18:29 PM
27.5,67,6.24,3/26/2025, 7:08:25 PM
27.62,67,6.24,3/26/2025, 6:58:22 PM
27.69,67,6.1,3/26/2025, 6:48:18 PM
27.75,67,6.3,3/26/2025, 6:38:15 PM
27.87,67,6.24,3/26/2025, 6:28:10 PM
27.94,67,6.27,3/26/2025, 6:18:07 PM
28.06,67,6.1,3/26/2025, 6:08:03 PM
28.12,67,6.07,3/26/2025, 5:57:59 PM
28.19,67,6.14,3/26/2025, 5:47:55 PM
28.25,67,6.74,3/26/2025, 5:37:52 PM
28.31,67,6.37,3/26/2025, 5:28:49 PM
28.38,67,6.34,3/26/2025, 5:18:46 PM
28.5,67,5.9,3/26/2025, 5:08:42 PM
28.5,67,6.27,3/26/2025, 4:58:38 PM
28.56,67,6.2,3/26/2025, 4:48:34 PM
28.62,67,6.2,3/26/2025, 4:38:31 PM
28.69,67,6.14,3/26/2025, 4:28:27 PM
28.75,67,5.9,3/26/2025, 4:18:23 PM
28.87,67,5.7,3/26/2025, 4:08:19 PM
29.06,67,5.74,3/26/2025, 3:58:16 PM
29.25,67,5.9,3/26/2025, 3:48:13 PM
29.5,67,5.97,3/26/2025, 3:37:08 PM
29.69,67,6.07,3/26/2025, 3:28:06 PM
29.94,65,5.97,3/26/2025, 3:18:01 PM
30.19,64,6.17,3/26/2025, 3:07:58 PM
30.31,65,6.1,3/26/2025, 2:57:55 PM
30.37,65,6.04,3/26/2025, 2:47:52 PM
30.44,64,5.97,3/26/2025, 2:38:49 PM
30.37,64,5.94,3/26/2025, 2:28:46 PM
30.19,64,6.17,3/26/2025, 2:18:42 PM
30.06,64,5.74,3/26/2025, 2:08:39 PM
29.94,65,5.64,3/26/2025, 1:58:35 PM
29.87,65,5.7,3/26/2025, 1:48:32 PM
29.87,65,5.87,3/26/2025, 1:38:28 PM
29.94,65,5.77,3/26/2025, 1:28:24 PM
30,64,5.84,3/26/2025, 1:18:21 PM
30.06,64,5.84,3/26/2025, 1:08:17 PM
30.06,64,5.7,3/26/2025, 12:58:13 PM
30.06,64,5.94,3/26/2025, 12:48:10 PM
30.06,64,6.04,3/26/2025, 12:38:06 PM
30.06,64,6.07,3/26/2025, 12:28:03 PM
30.06,64,6.24,3/26/2025, 12:18:00 PM
30.06,64,6.47,3/26/2025, 12:07:57 PM
30,63,6.14,3/26/2025, 11:57:53 AM
30,64,6,3/26/2025, 11:48:50 AM
30,64,6.2,3/26/2025, 11:38:46 AM
30,64,5.77,3/26/2025, 11:28:42 AM
29.81,64,5.77,3/26/2025, 11:18:38 AM
29.5,70,5.94,3/26/2025, 11:08:34 AM
29.31,70,6.64,3/26/2025, 10:58:31 AM
29.12,70,6.77,3/26/2025, 10:48:27 AM
28.94,70,6.77,3/26/2025, 10:38:25 AM
28.69,70,6.64,3/26/2025, 10:28:20 AM
28.44,70,6.64,3/26/2025, 10:18:16 AM
28.19,70,6.5,3/26/2025, 10:08:13 AM
27.94,70,6.54,3/26/2025, 9:58:09 AM
27.69,70,6.64,3/26/2025, 9:48:04 AM
27.44,70,6.44,3/26/2025, 9:38:00 AM
27.25,70,6.77,3/26/2025, 9:27:55 AM
27,70,6.64,3/26/2025, 9:17:51 AM
26.81,70,6.5,3/26/2025, 9:08:47 AM
26.62,70,6.74,3/26/2025, 8:58:42 AM
26.44,70,6.67,3/26/2025, 8:48:38 AM
26.12,70,6.54,3/26/2025, 8:38:33 AM
25.94,70,6.74,3/26/2025, 8:28:29 AM
25.69,70,6.44,3/26/2025, 8:18:24 AM
25.5,70,6.34,3/26/2025, 8:08:20 AM
25.31,70,6.64,3/26/2025, 7:58:15 AM
25.12,70,6.5,3/26/2025, 7:48:11 AM
25,70,6.6,3/26/2025, 7:38:07 AM
24.87,70,6.3,3/26/2025, 7:28:03 AM
24.69,70,6.3,3/26/2025, 7:17:59 AM
24.5,70,6.3,3/26/2025, 7:07:54 AM
24.37,70,6.24,3/26/2025, 6:58:49 AM
24.19,70,6.67,3/26/2025, 6:48:45 AM
24.06,70,6.34,3/26/2025, 6:38:40 AM
23.87,70,6.3,3/26/2025, 6:28:35 AM
23.81,70,6.34,3/26/2025, 6:18:31 AM
23.87,70,6.44,3/26/2025, 6:08:26 AM
23.87,70,6.64,3/26/2025, 5:58:22 AM
24,70,6.64,3/26/2025, 5:48:17 AM
24,70,6.74,3/26/2025, 5:38:13 AM
24.06,70,6.37,3/26/2025, 5:28:09 AM
24.12,70,6.67,3/26/2025, 5:18:04 AM
24.19,70,6.7,3/26/2025, 5:07:59 AM
24.19,70,6.64,3/26/2025, 4:57:57 AM
24.25,70,6.64,3/26/2025, 4:47:53 AM
24.31,70,6.7,3/26/2025, 4:38:49 AM
24.37,70,6.77,3/26/2025, 4:28:45 AM
24.37,70,6.47,3/26/2025, 4:18:41 AM
24.37,70,6.77,3/26/2025, 4:08:36 AM
24.44,70,6.5,3/26/2025, 3:58:31 AM
24.5,70,6.67,3/26/2025, 3:48:26 AM
24.5,70,6.6,3/26/2025, 3:38:22 AM
24.56,70,6.8,3/26/2025, 3:28:17 AM
24.63,70,6.57,3/26/2025, 3:18:13 AM
24.69,70,6.64,3/26/2025, 3:08:09 AM
24.69,70,6.64,3/26/2025, 2:58:05 AM
24.75,70,6.93,3/26/2025, 2:48:00 AM
24.87,70,6.93,3/26/2025, 2:37:55 AM
24.87,70,6.67,3/26/2025, 2:27:52 AM
24.94,70,7,3/26/2025, 2:18:48 AM
25,70,6.67,3/26/2025, 2:08:44 AM
25,70,6.87,3/26/2025, 1:58:40 AM
25.12,70,6.9,3/26/2025, 1:48:35 AM
25.12,70,7.27,3/26/2025, 1:38:30 AM
25.19,70,6.9,3/26/2025, 1:28:26 AM
25.25,70,6.9,3/26/2025, 1:18:21 AM
25.31,70,7.1,3/26/2025, 1:08:17 AM
25.44,70,7.3,3/26/2025, 12:58:12 AM
25.44,70,6.93,3/26/2025, 12:48:07 AM
25.5,70,7.13,3/26/2025, 12:38:03 AM
25.56,70,6.9,3/26/2025, 12:27:58 AM
25.56,70,6.93,3/26/2025, 12:17:54 AM
25.62,70,6.9,3/26/2025, 12:08:50 AM
25.75,70,7,3/25/2025, 11:58:45 PM
25.81,70,6.97,3/25/2025, 11:48:41 PM
25.88,70,6.77,3/25/2025, 11:38:36 PM
25.94,70,6.67,3/25/2025, 11:28:32 PM
26,70,6.9,3/25/2025, 11:18:28 PM
26.06,70,7.07,3/25/2025, 11:08:24 PM
26.12,70,6.9,3/25/2025, 10:58:20 PM
26.19,70,6.74,3/25/2025, 10:48:15 PM
26.25,70,7.07,3/25/2025, 10:38:11 PM
26.31,70,6.77,3/25/2025, 10:28:06 PM
26.37,70,6.8,3/25/2025, 10:18:03 PM
26.44,70,6.77,3/25/2025, 10:07:58 PM
26.5,70,7.13,3/25/2025, 9:57:55 PM
26.56,70,7.03,3/25/2025, 9:47:51 PM
26.62,70,6.97,3/25/2025, 9:38:47 PM
26.69,70,6.93,3/25/2025, 9:28:43 PM
26.81,70,7.2,3/25/2025, 9:18:39 PM
26.94,70,7,3/25/2025, 9:08:34 PM
27,70,7.17,3/25/2025, 8:58:30 PM
27.13,70,6.9,3/25/2025, 8:48:26 PM
27.19,70,6.87,3/25/2025, 8:37:21 PM
27.25,70,6.87,3/25/2025, 8:28:18 PM
27.31,70,7.23,3/25/2025, 8:18:14 PM
27.44,70,7.1,3/25/2025, 8:08:10 PM
27.5,70,7,3/25/2025, 7:58:06 PM
27.62,70,7.17,3/25/2025, 7:48:02 PM
27.62,70,7.13,3/25/2025, 7:37:58 PM
27.75,70,6.9,3/25/2025, 7:27:55 PM
27.81,70,7.1,3/25/2025, 7:17:51 PM
27.87,70,7.03,3/25/2025, 7:08:48 PM
27.94,70,6.67,3/25/2025, 6:58:44 PM
28,70,6.93,3/25/2025, 6:48:40 PM
28.12,70,6.93,3/25/2025, 6:38:36 PM
28.19,70,6.8,3/25/2025, 6:28:32 PM
28.31,70,6.84,3/25/2025, 6:18:29 PM
28.38,70,6.9,3/25/2025, 6:08:26 PM
28.5,70,6.9,3/25/2025, 5:58:22 PM
28.62,70,6.9,3/25/2025, 5:48:18 PM
28.75,70,7.03,3/25/2025, 5:38:15 PM
28.87,70,7.03,3/25/2025, 5:28:12 PM
29,70,6.9,3/25/2025, 5:18:08 PM
29.12,70,7,3/25/2025, 5:08:05 PM
29.25,70,6.9,3/25/2025, 4:58:01 PM
29.37,70,7,3/25/2025, 4:47:58 PM
29.44,70,7.03,3/25/2025, 4:37:54 PM
29.5,70,6.9,3/25/2025, 4:27:51 PM
29.5,70,6.9,3/25/2025, 4:18:48 PM
29.56,70,6.6,3/25/2025, 4:08:44 PM
29.63,70,6.9,3/25/2025, 3:58:40 PM
29.63,70,6.84,3/25/2025, 3:48:37 PM
29.69,70,6.74,3/25/2025, 3:38:33 PM
29.63,70,6.84,3/25/2025, 3:28:30 PM
29.63,70,6.84,3/25/2025, 3:18:26 PM
29.63,70,6.64,3/25/2025, 3:08:23 PM
29.69,70,6.14,3/25/2025, 2:58:20 PM
29.69,70,6.4,3/25/2025, 2:48:16 PM
29.69,70,6.7,3/25/2025, 2:38:15 PM
29.63,70,6.64,3/25/2025, 2:28:11 PM
29.63,70,6.14,3/25/2025, 2:18:08 PM
29.5,70,6.37,3/25/2025, 2:08:05 PM
29.5,70,6.17,3/25/2025, 1:58:02 PM
29.37,70,6.54,3/25/2025, 1:47:59 PM
29.37,70,6.3,3/25/2025, 1:37:56 PM
29.37,70,6.24,3/25/2025, 1:27:54 PM
29.44,70,6.24,3/25/2025, 1:17:50 PM
29.44,70,6.3,3/25/2025, 1:08:46 PM
29.37,70,6.24,3/25/2025, 12:58:43 PM
29.25,70,6.24,3/25/2025, 12:48:39 PM
29.12,70,6.24,3/25/2025, 12:38:35 PM
29,70,6.17,3/25/2025, 12:28:31 PM
28.87,70,6.24,3/25/2025, 12:18:27 PM
28.81,70,6.37,3/25/2025, 12:08:24 PM
28.81,70,6.3,3/25/2025, 11:58:20 AM
28.75,70,6.3,3/25/2025, 11:48:16 AM
28.69,70,6.27,3/25/2025, 11:38:12 AM
28.62,70,6.27,3/25/2025, 11:28:07 AM
28.5,70,6.1,3/25/2025, 11:18:03 AM
28.38,70,6.14,3/25/2025, 11:07:59 AM
28.19,70,5.94,3/25/2025, 10:57:54 AM
27.87,70,6,3/25/2025, 10:47:50 AM
27.62,70,5.94,3/25/2025, 10:38:46 AM
27.31,70,6.1,3/25/2025, 10:28:42 AM
27.06,70,6.27,3/25/2025, 10:18:38 AM
26.81,70,5.97,3/25/2025, 10:08:34 AM
26.69,70,6.2,3/25/2025, 9:58:30 AM
26.44,70,6.34,3/25/2025, 9:48:26 AM
26.31,70,6.37,3/25/2025, 9:38:22 AM
26.12,70,6.14,3/25/2025, 9:28:17 AM
25.94,70,6.5,3/25/2025, 9:18:13 AM
25.81,70,6.14,3/25/2025, 9:08:08 AM
25.69,70,6.2,3/25/2025, 8:58:03 AM
25.56,70,6.24,3/25/2025, 8:48:09 AM
25.44,70,6.37,3/25/2025, 8:37:59 AM
25.31,70,6.27,3/25/2025, 8:27:55 AM
25.19,70,6.37,3/25/2025, 8:17:53 AM
25,70,6.37,3/25/2025, 8:08:48 AM
24.81,70,6.24,3/25/2025, 7:58:45 AM
24.69,70,6.5,3/25/2025, 7:48:42 AM
24.5,70,6.34,3/25/2025, 7:38:38 AM
24.31,70,6.37,3/25/2025, 7:28:35 AM
24.19,70,6.24,3/25/2025, 7:18:30 AM
24.06,70,6.54,3/25/2025, 7:08:25 AM
24,70,6.64,3/25/2025, 6:58:21 AM
24,70,6.27,3/25/2025, 6:48:16 AM
24,70,6.44,3/25/2025, 6:38:13 AM
24.06,70,6.47,3/25/2025, 6:28:08 AM
24.06,70,6.37,3/25/2025, 6:18:05 AM
24.19,70,6.64,3/25/2025, 6:08:00 AM
24.25,70,6.6,3/25/2025, 5:57:56 AM
24.25,70,6.77,3/25/2025, 5:47:51 AM
24.31,70,6.67,3/25/2025, 5:38:48 AM
24.37,70,6.7,3/25/2025, 5:28:43 AM
24.44,70,6.47,3/25/2025, 5:18:39 AM
24.5,70,6.5,3/25/2025, 5:08:35 AM
24.5,70,6.64,3/25/2025, 4:58:30 AM
24.5,70,6.64,3/25/2025, 4:48:26 AM
24.56,70,6.77,3/25/2025, 4:38:21 AM
24.63,70,6.47,3/25/2025, 4:28:17 AM
24.75,70,6.6,3/25/2025, 4:18:13 AM
24.81,70,6.7,3/25/2025, 4:08:09 AM
24.87,70,6.67,3/25/2025, 3:58:04 AM
25,70,6.74,3/25/2025, 3:48:00 AM
25.06,70,6.57,3/25/2025, 3:37:56 AM
25.12,70,6.77,3/25/2025, 3:27:52 AM
25.19,70,6.54,3/25/2025, 3:18:48 AM
25.25,70,6.6,3/25/2025, 3:08:43 AM
25.31,70,6.74,3/25/2025, 2:58:40 AM
25.31,70,6.93,3/25/2025, 2:48:35 AM
25.44,70,6.8,3/25/2025, 2:38:31 AM
25.5,70,6.87,3/25/2025, 2:28:28 AM
25.62,70,6.64,3/25/2025, 2:18:23 AM
25.75,70,6.93,3/25/2025, 2:08:19 AM
25.88,70,6.9,3/25/2025, 1:58:15 AM
26,70,6.8,3/25/2025, 1:48:11 AM
26.12,70,6.67,3/25/2025, 1:38:07 AM
26.19,70,6.8,3/25/2025, 1:28:03 AM
26.31,70,6.87,3/25/2025, 1:17:59 AM
26.44,70,6.9,3/25/2025, 1:07:55 AM
26.56,70,6.9,3/25/2025, 12:57:50 AM
26.69,70,6.97,3/25/2025, 12:48:47 AM
26.81,70,7.17,3/25/2025, 12:38:43 AM
26.87,70,6.97,3/25/2025, 12:28:39 AM
27,70,6.97,3/25/2025, 12:18:35 AM
27.06,70,6.7,3/25/2025, 12:08:31 AM
27.06,70,6.93,3/24/2025, 11:58:27 PM
27.06,70,6.9,3/24/2025, 11:48:23 PM
27.06,70,6.97,3/24/2025, 11:38:19 PM
27.06,70,6.9,3/24/2025, 11:28:15 PM
27.06,70,7.1,3/24/2025, 11:18:11 PM
27.13,70,7.03,3/24/2025, 11:08:09 PM
27.13,70,6.97,3/24/2025, 10:58:04 PM
27.13,70,6.93,3/24/2025, 10:48:00 PM
27.19,70,6.77,3/24/2025, 10:37:56 PM
27.25,70,7.1,3/24/2025, 10:27:53 PM
27.37,70,7,3/24/2025, 10:18:49 PM
27.44,70,6.97,3/24/2025, 10:08:45 PM
27.5,70,7.07,3/24/2025, 9:58:41 PM
27.62,70,7.17,3/24/2025, 9:48:37 PM
27.69,70,7.1,3/24/2025, 9:38:34 PM
27.81,70,6.93,3/24/2025, 9:28:29 PM
27.87,70,6.93,3/24/2025, 9:18:26 PM
27.94,70,7.3,3/24/2025, 9:08:24 PM
28,70,7.03,3/24/2025, 8:58:20 PM
28.06,70,7,3/24/2025, 8:48:17 PM
28.06,70,7.23,3/24/2025, 8:38:13 PM
28.19,70,7.13,3/24/2025, 8:28:10 PM
28.25,70,7.13,3/24/2025, 8:18:06 PM
28.31,70,7.03,3/24/2025, 8:08:03 PM
28.38,70,7.2,3/24/2025, 7:57:59 PM
28.5,70,7.3,3/24/2025, 7:47:55 PM
28.62,70,7.07,3/24/2025, 7:37:51 PM
28.75,70,7.47,3/24/2025, 7:28:49 PM
28.81,70,7.13,3/24/2025, 7:18:46 PM
28.94,70,7.17,3/24/2025, 7:08:44 PM
29.06,70,7.23,3/24/2025, 6:58:39 PM
29.12,70,7.27,3/24/2025, 6:48:35 PM
29.19,70,7.3,3/24/2025, 6:38:31 PM
29.31,70,7.33,3/24/2025, 6:28:28 PM
29.44,70,7.37,3/24/2025, 6:18:25 PM
29.56,70,7.5,3/24/2025, 6:08:22 PM
29.63,70,7.3,3/24/2025, 5:58:19 PM
29.75,70,7.4,3/24/2025, 5:48:15 PM
29.87,70,7.27,3/24/2025, 5:38:12 PM
29.94,70,7.43,3/24/2025, 5:28:08 PM
30.06,70,7.33,3/24/2025, 5:18:05 PM
30.12,70,7.23,3/24/2025, 5:08:02 PM
30.25,70,7.13,3/24/2025, 4:57:57 PM
30.31,70,7.3,3/24/2025, 4:47:54 PM
30.5,70,7.3,3/24/2025, 4:37:51 PM
30.56,70,7.3,3/24/2025, 4:28:48 PM
30.75,70,7.2,3/24/2025, 4:18:44 PM
30.81,70,7.23,3/24/2025, 4:08:41 PM
30.81,70,8,3/24/2025, 3:58:34 PM
30.88,70,8,3/24/2025, 3:52:35 PM
31.12,70,8,3/24/2025, 3:42:06 PM
31.31,70,8,3/24/2025, 3:32:03 PM
31.44,70,8,3/24/2025, 3:21:59 PM
